,id1,id2,similarity
0,8620,8621,0.011811389781538352
1,8620,8622,0.013325044772225653
2,8620,8623,0.009128709291752767
3,8620,8624,0.009128709291752767
4,8620,8625,0.0
5,8620,8626,0.009128709291752767
6,8620,8627,0.009128709291752767
7,8620,8629,0.012862393885688161
8,8620,8630,0.0
9,8620,8631,0.009375
10,8620,8632,0.0158113883008419
11,8620,8633,0.0158113883008419
12,8620,8634,0.008385254915624212
13,8620,8635,0.008333333333333333
14,8620,8636,0.011470786693528088
15,8620,8637,0.0
16,8620,8639,0.00790569415042095
17,8620,8640,0.0
18,8620,8642,0.009021097956087904
19,8620,8643,0.008838834764831844
20,8620,8644,0.011180339887498949
21,8620,8646,0.010416666666666668
22,8620,8647,0.010206207261596574
23,8620,8650,0.010416666666666668
24,8620,8651,0.010206207261596574
25,8620,8653,0.010660035817780522
26,8620,8654,0.005892556509887896
27,8620,8655,0.013363062095621218
28,8620,8657,0.0125
29,8620,8660,0.008838834764831844
30,8620,8661,0.013130643285972255
31,8620,8663,0.006681531047810609
32,8620,8664,0.00625
33,8620,8665,0.008838834764831844
34,8620,8666,0.014173667737846021
35,8620,8667,0.0072168783648703235
36,8620,8668,0.00790569415042095
37,8620,8670,0.006249999999999999
38,8620,8671,0.010825317547305485
39,8620,8672,0.006681531047810609
40,8620,8675,0.007654655446197431
41,8620,8676,0.013975424859373687
42,8620,8677,0.004419417382415922
43,8620,8678,0.00236227795630767
44,8620,8679,0.0057863756235784465
45,8620,8680,0.013501543121683042
46,8620,8681,0.010825317547305485
47,8620,8683,0.010825317547305485
48,8620,8684,0.00790569415042095
49,8620,8686,0.012309149097933273
50,8620,8687,0.0072168783648703235
51,8620,8688,0.005590169943749474
52,8620,8689,0.002209708691207961
53,8620,8690,0.005303300858899107
54,8620,8691,0.0
55,8620,8692,0.012166606584807189
56,8620,8695,0.004419417382415922
57,8620,8696,0.008333333333333333
58,8620,8697,0.006846531968814577
59,8620,8698,0.0
60,8620,8699,0.003952847075210475
61,8620,8700,0.005892556509887896
62,8620,8701,0.0033407655239053044
63,8620,8702,0.010206207261596574
64,8620,8703,0.003952847075210475
65,8620,8704,0.007654655446197431
66,8620,8705,0.0
67,8620,8707,0.007819290527140303
68,8620,8708,0.0
69,8620,8709,0.008838834764831844
70,8620,8710,0.010206207261596574
71,8620,8711,0.009375
72,8620,8712,0.008111071056538126
73,8620,8714,0.0
74,8620,8715,0.007654655446197431
75,8620,8716,0.0
76,8620,8717,0.008385254915624212
77,8620,8718,0.0042874646285627205
78,8620,8719,0.00472455591261534
79,8621,8622,0.4636501005322218
80,8621,8623,0.13453135715517384
81,8621,8624,0.19385563109607637
82,8621,8625,0.0
83,8621,8626,0.18853817276576784
84,8621,8627,0.18853817276576784
85,8621,8629,0.12617924766141064
86,8621,8630,0.06130166980815642
87,8621,8631,0.16268643138892297
88,8621,8632,0.1649317676948538
89,8621,8633,0.1649317676948538
90,8621,8634,0.21678774279092888
91,8621,8635,0.16286220261679735
92,8621,8636,0.1275852079955925
93,8621,8637,0.0
94,8621,8639,0.14048809807389084
95,8621,8640,0.03968706125617047
96,8621,8642,0.15954884060153834
97,8621,8643,0.008908708063747479
98,8621,8644,0.08498746642714648
99,8621,8646,0.011023963796102461
100,8621,8647,0.10418324773166462
101,8621,8650,0.03923333522962481
102,8621,8651,0.15403008625463055
103,8621,8653,0.14480088805083924
104,8621,8654,0.1820816025849093
105,8621,8655,0.10384925287577752
106,8621,8657,0.0654196032202924
107,8621,8660,0.10599151689583518
108,8621,8661,0.11202845674787751
109,8621,8663,0.1220132239077412
110,8621,8664,0.19534852343284503
111,8621,8665,0.19958564955097347
112,8621,8666,0.07579342305988257
113,8621,8667,0.15965660039571802
114,8621,8668,0.1350081672503624
115,8621,8670,0.10019717092801315
116,8621,8671,0.1403176588417137
117,8621,8672,0.08782606037665608
118,8621,8675,0.12864318937964003
119,8621,8676,0.01479019945774904
120,8621,8677,0.1245833688681679
121,8621,8678,0.14005022575918977
122,8621,8679,0.04198065272670871
123,8621,8680,0.16507218793753695
124,8621,8681,0.11838845936993372
125,8621,8683,0.11838845936993372
126,8621,8684,0.06518676884990614
127,8621,8686,0.16138133210919553
128,8621,8687,0.15071009088328502
129,8621,8688,0.12630148410767203
130,8621,8689,0.12469965921199058
131,8621,8690,0.06990711677906944
132,8621,8691,0.0
133,8621,8692,0.1306608939417202
134,8621,8695,0.13552014113203054
135,8621,8696,0.023540001137774887
136,8621,8697,0.1310025523434722
137,8621,8698,0.0
138,8621,8699,0.1682492775010398
139,8621,8700,0.11554440381666169
140,8621,8701,0.014534992896762062
141,8621,8702,0.15515527439537757
142,8621,8703,0.10670729180164792
143,8621,8704,0.13761443384338784
144,8621,8705,0.03614031611621005
145,8621,8707,0.19129122102767188
146,8621,8708,0.08755547021148155
147,8621,8709,0.14008886478359894
148,8621,8710,0.16962562528406094
149,8621,8711,0.13642139388536148
150,8621,8712,0.0763096851725576
151,8621,8714,0.0
152,8621,8715,0.16802203147133224
153,8621,8716,0.0
154,8621,8717,0.13934225149076288
155,8621,8718,0.12546102792294933
156,8621,8719,0.11182844916446988
157,8622,8623,0.13045977142909695
158,8622,8624,0.18978404536999952
159,8622,8625,0.0
160,8622,8626,0.1799198177070685
161,8622,8627,0.1799198177070685
162,8622,8629,0.1181573685122764
163,8622,8630,0.05533985905294664
164,8622,8631,0.1666873239271623
165,8622,8632,0.16983038365526995
166,8622,8633,0.16983038365526995
167,8622,8634,0.19337596612371374
168,8622,8635,0.13270947881889747
169,8622,8636,0.11668681652586015
170,8622,8637,0.0
171,8622,8639,0.14462085845634653
172,8622,8640,0.031688452785587407
173,8622,8642,0.17196147431116957
174,8622,8643,0.007537783614444091
175,8622,8644,0.08184477849867465
176,8622,8646,0.008883363181483769
177,8622,8647,0.10929556242311415
178,8622,8650,0.053565852333832174
179,8622,8651,0.15914240094608006
180,8622,8653,0.14822732326980537
181,8622,8654,0.1783819513135146
182,8622,8655,0.10955209825459347
183,8622,8657,0.06348082327109868
184,8622,8660,0.10684776946246866
185,8622,8661,0.11253698950048868
186,8622,8663,0.12504125122683019
187,8622,8664,0.19056388041986555
188,8622,8665,0.20442027926757628
189,8622,8666,0.0751519243959141
190,8622,8667,0.1632715527816016
191,8622,8668,0.13989762222009208
192,8622,8670,0.10195862527154437
193,8622,8671,0.11656755771337643
194,8622,8672,0.08847332647687692
195,8622,8675,0.13269096073818093
196,8622,8676,0.02383656473113981
197,8622,8677,0.1269553785466958
198,8622,8678,0.13670764031211036
199,8622,8679,0.02046111279740124
200,8622,8680,0.15888440905691842
201,8622,8681,0.12235297540235071
202,8622,8683,0.12235297540235071
203,8622,8684,0.06633555221684682
204,8622,8686,0.16188790740450937
205,8622,8687,0.15378997939522
206,8622,8688,0.12473014014343611
207,8622,8689,0.12637163490005732
208,8622,8690,0.06452674713148387
209,8622,8691,0.0
210,8622,8692,0.1241796550499376
211,8622,8695,0.13012606263530774
212,8622,8696,0.026782926166916087
213,8622,8697,0.1284365583949521
214,8622,8698,0.0
215,8622,8699,0.1792813276445921
216,8622,8700,0.10823008215891988
217,8622,8701,0.0165420783491201
218,8622,8702,0.1595108944995531
219,8622,8703,0.10915201928651277
220,8622,8704,0.1407367315370162
221,8622,8705,0.03614031611621005
222,8622,8707,0.18644407829020979
223,8622,8708,0.08755547021148155
224,8622,8709,0.14431202215472766
225,8622,8710,0.1747379399755105
226,8622,8711,0.14063582176355455
227,8622,8712,0.07402973971894386
228,8622,8714,0.0
229,8622,8715,0.18140015424376854
230,8622,8716,0.0
231,8622,8717,0.13381590708917707
232,8622,8718,0.12425586211694375
233,8622,8719,0.11050042112745392
234,8623,8624,0.6386131795554684
235,8623,8625,0.0
236,8623,8626,0.5548791538198339
237,8623,8627,0.5395817819834369
238,8623,8629,0.5923044005833399
239,8623,8630,0.5434515031697061
240,8623,8631,0.5623392140567238
241,8623,8632,0.5383912845900832
242,8623,8633,0.5753749565409971
243,8623,8634,0.5434318258871671
244,8623,8635,0.5753600904847551
245,8623,8636,0.46888098667453676
246,8623,8637,0.0
247,8623,8639,0.5707891180304315
248,8623,8640,0.49088270057093975
249,8623,8642,0.5610203672045757
250,8623,8643,0.004303314829119351
251,8623,8644,0.5356903565695158
252,8623,8646,0.007607257743127308
253,8623,8647,0.5374604347898685
254,8623,8650,0.148707960523585
255,8623,8651,0.5675718290053053
256,8623,8653,0.4807541235655025
257,8623,8654,0.5426278115434106
258,8623,8655,0.5337495915103881
259,8623,8657,0.4897386422314881
260,8623,8660,0.5049352665073015
261,8623,8661,0.5467283112697059
262,8623,8663,0.5388129494437728
263,8623,8664,0.5356736860045028
264,8623,8665,0.5556318422857383
265,8623,8666,0.5354925095273623
266,8623,8667,0.5398275926645578
267,8623,8668,0.5438949806585739
268,8623,8670,0.5160984819422532
269,8623,8671,0.5443293675160338
270,8623,8672,0.5286029576592948
271,8623,8675,0.538006415915586
272,8623,8676,0.00816496580927726
273,8623,8677,0.5417036183738857
274,8623,8678,0.5419244863261202
275,8623,8679,0.03913795494553109
276,8623,8680,0.6044773980855863
277,8623,8681,0.5519399600581685
278,8623,8683,0.5476082366182076
279,8623,8684,0.4999912734597456
280,8623,8686,0.5601132670015616
281,8623,8687,0.5406286034660073
282,8623,8688,0.4745044879065393
283,8623,8689,0.5458072939726423
284,8623,8690,0.5510554725483331
285,8623,8691,0.0
286,8623,8692,0.5289354898371016
287,8623,8695,0.5505292136001511
288,8623,8696,0.020554408372547163
289,8623,8697,0.5309602656527901
290,8623,8698,0.0
291,8623,8699,0.5670277089846886
292,8623,8700,0.5489049876028115
293,8623,8701,0.45669269440407023
294,8623,8702,0.5373080221783512
295,8623,8703,0.4968409113728143
296,8623,8704,0.5481846348580226
297,8623,8705,0.46872403089303083
298,8623,8707,0.5556753032963451
299,8623,8708,0.5054628238145702
300,8623,8709,0.5355815883615154
301,8623,8710,0.5427623833151414
302,8623,8711,0.5408437738564955
303,8623,8712,0.5337009535647018
304,8623,8714,0.0
305,8623,8715,0.5417442694865503
306,8623,8716,0.0
307,8623,8717,0.5078035594110427
308,8623,8718,0.5319792306111212
309,8623,8719,0.5365395050295394
310,8624,8625,0.0
311,8624,8626,0.7830449647448521
312,8624,8627,0.7815580628524647
313,8624,8629,0.7492103539098899
314,8624,8630,0.481345685780138
315,8624,8631,0.7835600763758251
316,8624,8632,0.7795499571469979
317,8624,8633,0.7795034846135835
318,8624,8634,0.7867566580319727
319,8624,8635,0.6978328958717415
320,8624,8636,0.5163841360324568
321,8624,8637,0.0
322,8624,8639,0.6719884362395145
323,8624,8640,0.40048512110398704
324,8624,8642,0.7337358841230324
325,8624,8643,0.004303314829119351
326,8624,8644,0.6030926647728878
327,8624,8646,0.007607257743127308
328,8624,8647,0.7177923561903901
329,8624,8650,0.09649371817972652
330,8624,8651,0.7667609918385102
331,8624,8653,0.3935890085191317
332,8624,8654,0.7677431922405145
333,8624,8655,0.5693757563172424
334,8624,8657,0.631814081194408
335,8624,8660,0.7034899172413946
336,8624,8661,0.6860500506366838
337,8624,8663,0.7189907152132016
338,8624,8664,0.779995981118957
339,8624,8665,0.783726438242333
340,8624,8666,0.661904892096643
341,8624,8667,0.7233596852871524
342,8624,8668,0.7491586207818146
343,8624,8670,0.5667776496909398
344,8624,8671,0.7311586213841552
345,8624,8672,0.6709828127086115
346,8624,8675,0.7396047719987611
347,8624,8676,0.00816496580927726
348,8624,8677,0.5634082935871478
349,8624,8678,0.710128779737045
350,8624,8679,0.03597483024062986
351,8624,8680,0.6380318779594422
352,8624,8681,0.7103802278167355
353,8624,8683,0.7095031672491352
354,8624,8684,0.5509760381753187
355,8624,8686,0.7791902739500532
356,8624,8687,0.7457221435026714
357,8624,8688,0.6978724704079822
358,8624,8689,0.7256827645453512
359,8624,8690,0.6361034149495445
360,8624,8691,0.0
361,8624,8692,0.634966784825808
362,8624,8695,0.6896652598494992
363,8624,8696,0.020554408372547163
364,8624,8697,0.7589679327735768
365,8624,8698,0.00131724055456687
366,8624,8699,0.6842751049240279
367,8624,8700,0.7215546923460437
368,8624,8701,0.4750034907491268
369,8624,8702,0.7753331419002056
370,8624,8703,0.6781591853070779
371,8624,8704,0.7733763695480574
372,8624,8705,0.418112494191333
373,8624,8707,0.7921720105691468
374,8624,8708,0.7074803809017096
375,8624,8709,0.7174093049524193
376,8624,8710,0.7832855141081859
377,8624,8711,0.71804224967285
378,8624,8712,0.6971588629361841
379,8624,8714,0.0
380,8624,8715,0.795178742830319
381,8624,8716,0.00131724055456687
382,8624,8717,0.7515283211531658
383,8624,8718,0.7394945638951409
384,8624,8719,0.7240734274292877
385,8625,8626,0.0
386,8625,8627,0.0
387,8625,8629,0.0
388,8625,8630,0.0
389,8625,8631,0.0
390,8625,8632,0.0
391,8625,8633,0.0
392,8625,8634,0.0
393,8625,8635,0.0
394,8625,8636,0.0
395,8625,8637,0.0
396,8625,8639,0.0
397,8625,8640,0.0
398,8625,8642,0.0
399,8625,8643,0.0
400,8625,8644,0.0
401,8625,8646,0.0
402,8625,8647,0.0
403,8625,8650,0.0
404,8625,8651,0.0
405,8625,8653,0.0
406,8625,8654,0.0
407,8625,8655,0.0
408,8625,8657,0.0
409,8625,8660,0.0
410,8625,8661,0.0
411,8625,8663,0.0
412,8625,8664,0.0
413,8625,8665,0.0
414,8625,8666,0.0
415,8625,8667,0.0
416,8625,8668,0.0
417,8625,8670,0.0
418,8625,8671,0.0
419,8625,8672,0.0
420,8625,8675,0.0
421,8625,8676,0.0
422,8625,8677,0.0
423,8625,8678,0.0
424,8625,8679,0.0
425,8625,8680,0.0
426,8625,8681,0.0
427,8625,8683,0.0
428,8625,8684,0.0
429,8625,8686,0.0
430,8625,8687,0.0
431,8625,8688,0.0
432,8625,8689,0.0
433,8625,8690,0.0
434,8625,8691,0.0
435,8625,8692,0.0
436,8625,8695,0.0
437,8625,8696,0.0
438,8625,8697,0.0
439,8625,8698,0.0
440,8625,8699,0.0
441,8625,8700,0.0
442,8625,8701,0.0
443,8625,8702,0.0
444,8625,8703,0.0
445,8625,8704,0.0
446,8625,8705,0.0
447,8625,8707,0.0
448,8625,8708,0.0
449,8625,8709,0.0
450,8625,8710,0.0
451,8625,8711,0.0
452,8625,8712,0.0
453,8625,8714,0.0
454,8625,8715,0.0
455,8625,8716,0.0
456,8625,8717,0.0
457,8625,8718,0.0
458,8625,8719,0.0
459,8626,8627,0.9970083056932201
460,8626,8629,0.6772346004493741
461,8626,8630,0.4816042090732795
462,8626,8631,0.7697827360460534
463,8626,8632,0.7584530759887398
464,8626,8633,0.7510626870698727
465,8626,8634,0.760553647640938
466,8626,8635,0.6493298524725274
467,8626,8636,0.4783430957056043
468,8626,8637,0.0
469,8626,8639,0.6361266823973546
470,8626,8640,0.3572204160645158
471,8626,8642,0.718642507093534
472,8626,8643,0.004303314829119351
473,8626,8644,0.5427244837687542
474,8626,8646,0.007607257743127308
475,8626,8647,0.6442137286391625
476,8626,8650,0.09180898392255372
477,8626,8651,0.7279378878676306
478,8626,8653,0.35826414185043354
479,8626,8654,0.760761918207393
480,8626,8655,0.5440362758707484
481,8626,8657,0.6084341368274754
482,8626,8660,0.7016228464362515
483,8626,8661,0.6650186194983946
484,8626,8663,0.6691122865045864
485,8626,8664,0.7565376755388442
486,8626,8665,0.7713440821025647
487,8626,8666,0.6695639105553871
488,8626,8667,0.6683569073120433
489,8626,8668,0.6883106420608791
490,8626,8670,0.5300282336054356
491,8626,8671,0.7127471772659753
492,8626,8672,0.6643638825607923
493,8626,8675,0.6893109948971231
494,8626,8676,0.010206207261596574
495,8626,8677,0.5341737810858151
496,8626,8678,0.7230639434921453
497,8626,8679,0.023090043641513167
498,8626,8680,0.6233483369508883
499,8626,8681,0.6774793964531782
500,8626,8683,0.6738836646296302
501,8626,8684,0.5440613737938904
502,8626,8686,0.7710870383446673
503,8626,8687,0.7144604313815152
504,8626,8688,0.6785385156757966
505,8626,8689,0.69701851189805
506,8626,8690,0.6100611088568404
507,8626,8691,0.0
508,8626,8692,0.6444545552531794
509,8626,8695,0.6850012737532484
510,8626,8696,0.004564354645876385
511,8626,8697,0.7336005573080876
512,8626,8698,0.0
513,8626,8699,0.6778729235916285
514,8626,8700,0.695815146563973
515,8626,8701,0.4411068533802327
516,8626,8702,0.7340578437947081
517,8626,8703,0.6331169528365608
518,8626,8704,0.7516872857348204
519,8626,8705,0.4068494713771621
520,8626,8707,0.7873192287538753
521,8626,8708,0.6959220111348211
522,8626,8709,0.6632625478579
523,8626,8710,0.730928716643858
524,8626,8711,0.7057980523385755
525,8626,8712,0.6794365426922349
526,8626,8714,0.0
527,8626,8715,0.7772656060574075
528,8626,8716,0.0
529,8626,8717,0.7663025261307558
530,8626,8718,0.7360244427409166
531,8626,8719,0.7177317591366319
532,8627,8629,0.6895088763496608
533,8627,8630,0.44207773185962984
534,8627,8631,0.7614775551637853
535,8627,8632,0.7590524409953432
536,8627,8633,0.7587647015861355
537,8627,8634,0.76503607370126
538,8627,8635,0.6718745796846304
539,8627,8636,0.5019166945793374
540,8627,8637,0.0
541,8627,8639,0.6368338428243123
542,8627,8640,0.34128197575712066
543,8627,8642,0.7167481261194313
544,8627,8643,0.004303314829119351
545,8627,8644,0.5243046430187016
546,8627,8646,0.007607257743127308
547,8627,8647,0.6451058642252103
548,8627,8650,0.08616804256540021
549,8627,8651,0.7283162998331225
550,8627,8653,0.34206359780524154
551,8627,8654,0.7386139212381484
552,8627,8655,0.5256528499670842
553,8627,8657,0.6091301865558303
554,8627,8660,0.7048590724366879
555,8627,8661,0.655372478117284
556,8627,8663,0.6571416253174761
557,8627,8664,0.7723855066100365
558,8627,8665,0.7748704543627974
559,8627,8666,0.6672549543887305
560,8627,8667,0.6883183291592347
561,8627,8668,0.6859205504923953
562,8627,8670,0.5257627499650996
563,8627,8671,0.7125499049188454
564,8627,8672,0.6643203556611279
565,8627,8675,0.6801088181755021
566,8627,8676,0.010206207261596574
567,8627,8677,0.5512956571192793
568,8627,8678,0.7163436708398698
569,8627,8679,0.023090043641513167
570,8627,8680,0.6349120042466494
571,8627,8681,0.6775947637415392
572,8627,8683,0.6748779969381138
573,8627,8684,0.5537350704958307
574,8627,8686,0.7680413052971664
575,8627,8687,0.714829779765921
576,8627,8688,0.6836146869047685
577,8627,8689,0.6879157930853927
578,8627,8690,0.6149388556729769
579,8627,8691,0.0
580,8627,8692,0.6404115211615815
581,8627,8695,0.6977710221078522
582,8627,8696,0.004564354645876385
583,8627,8697,0.7375381323698594
584,8627,8698,0.0
585,8627,8699,0.6809834987944483
586,8627,8700,0.6963983081167913
587,8627,8701,0.42589956039618737
588,8627,8702,0.7291757920160751
589,8627,8703,0.6310602098182183
590,8627,8704,0.744106183155669
591,8627,8705,0.4217500451253268
592,8627,8707,0.7795304887927637
593,8627,8708,0.6887024458194897
594,8627,8709,0.6544638132492393
595,8627,8710,0.7404591162136845
596,8627,8711,0.7057753276757265
597,8627,8712,0.6797069693191267
598,8627,8714,0.0
599,8627,8715,0.7752201575570304
600,8627,8716,0.0
601,8627,8717,0.7658507549415721
602,8627,8718,0.7361135280957543
603,8627,8719,0.7164816266290381
604,8629,8630,0.502105508976953
605,8629,8631,0.7074864533885095
606,8629,8632,0.7483368496033413
607,8629,8633,0.7490624299015176
608,8629,8634,0.7117954293751338
609,8629,8635,0.6600073460153566
610,8629,8636,0.4622382819534993
611,8629,8637,0.0
612,8629,8639,0.6592911822746409
613,8629,8640,0.46211761383308697
614,8629,8642,0.6936717730592646
615,8629,8643,0.006063390625908325
616,8629,8644,0.6268003115189242
617,8629,8646,0.010004084133313017
618,8629,8647,0.7033256425865148
619,8629,8650,0.14571780175809443
620,8629,8651,0.7331518396406909
621,8629,8653,0.3854615040899999
622,8629,8654,0.6898112699096257
623,8629,8655,0.5804809739567995
624,8629,8657,0.6430038686029216
625,8629,8660,0.6674687637720866
626,8629,8661,0.6568862808636926
627,8629,8663,0.6939220251120124
628,8629,8664,0.6817370596278666
629,8629,8665,0.6936186833959501
630,8629,8666,0.6272163212330494
631,8629,8667,0.6568456346762652
632,8629,8668,0.7120035956387203
633,8629,8670,0.5669767666835572
634,8629,8671,0.6969113658823933
635,8629,8672,0.6260612214021694
636,8629,8675,0.7079901064956708
637,8629,8676,0.011504474832710556
638,8629,8677,0.5609336674316505
639,8629,8678,0.6279081816786702
640,8629,8679,0.053055656267976654
641,8629,8680,0.6723394789096977
642,8629,8681,0.7044282496671084
643,8629,8683,0.7048940291495936
644,8629,8684,0.5388013175211137
645,8629,8686,0.6958753900778122
646,8629,8687,0.7093273388260299
647,8629,8688,0.656036523325195
648,8629,8689,0.6821863087819604
649,8629,8690,0.6134351120021106
650,8629,8691,0.0
651,8629,8692,0.603953819842111
652,8629,8695,0.6342655784401454
653,8629,8696,0.02832997034808257
654,8629,8697,0.6581839690008717
655,8629,8698,0.0
656,8629,8699,0.6245568686289276
657,8629,8700,0.6775324578051285
658,8629,8701,0.5335951356277248
659,8629,8702,0.7123907117708781
660,8629,8703,0.6569636236905323
661,8629,8704,0.7140013412111854
662,8629,8705,0.4684362999665135
663,8629,8707,0.685231633596907
664,8629,8708,0.6529224384821681
665,8629,8709,0.6756839907416843
666,8629,8710,0.7125953096806332
667,8629,8711,0.6848324243434252
668,8629,8712,0.6891650363691633
669,8629,8714,0.0
670,8629,8715,0.7184896109858556
671,8629,8716,0.0
672,8629,8717,0.6562947928933691
673,8629,8718,0.662289533994344
674,8629,8719,0.6770762096318055
675,8630,8631,0.49416771845153873
676,8630,8632,0.47294400978874696
677,8630,8633,0.4868919898324946
678,8630,8634,0.4903100633133933
679,8630,8635,0.5401362712329651
680,8630,8636,0.489793646051252
681,8630,8637,0.0
682,8630,8639,0.5296237609585664
683,8630,8640,0.4853142543194199
684,8630,8642,0.5201505759215734
685,8630,8643,0.0
686,8630,8644,0.518345202630674
687,8630,8646,0.0
688,8630,8647,0.5080506118659287
689,8630,8650,0.17968079590905078
690,8630,8651,0.49070550046610684
691,8630,8653,0.44712229516884483
692,8630,8654,0.4878933285387448
693,8630,8655,0.45493907453904353
694,8630,8657,0.45428936958768745
695,8630,8660,0.4981701923319434
696,8630,8661,0.4770297514753024
697,8630,8663,0.5074955127576052
698,8630,8664,0.4945971812122169
699,8630,8665,0.5014454768096746
700,8630,8666,0.5001245970537843
701,8630,8667,0.4645622249642678
702,8630,8668,0.5014446748150828
703,8630,8670,0.43721458038923927
704,8630,8671,0.5398719360826917
705,8630,8672,0.5112445634729466
706,8630,8675,0.5225355763212975
707,8630,8676,0.0
708,8630,8677,0.5302171339545805
709,8630,8678,0.5438976879468569
710,8630,8679,0.006375045197864334
711,8630,8680,0.5845621131357915
712,8630,8681,0.5094695740231912
713,8630,8683,0.5133591000818277
714,8630,8684,0.5084256457772935
715,8630,8686,0.5320398913944193
716,8630,8687,0.503177029456438
717,8630,8688,0.44827921414601124
718,8630,8689,0.5097396555650754
719,8630,8690,0.49491078251609966
720,8630,8691,0.0
721,8630,8692,0.5765016058085629
722,8630,8695,0.5192202610899712
723,8630,8696,0.0
724,8630,8697,0.48774088603533416
725,8630,8698,0.02041241452319315
726,8630,8699,0.49417027400670666
727,8630,8700,0.539047812566499
728,8630,8701,0.49685924838433204
729,8630,8702,0.5284199940915626
730,8630,8703,0.5105438599074499
731,8630,8704,0.5367826204361654
732,8630,8705,0.5171054298586184
733,8630,8707,0.46833175666584426
734,8630,8708,0.4924294097389775
735,8630,8709,0.4683337417723122
736,8630,8710,0.4810003294726076
737,8630,8711,0.5047796505702107
738,8630,8712,0.5383981901030621
739,8630,8714,0.0
740,8630,8715,0.5145029158431722
741,8630,8716,0.02041241452319315
742,8630,8717,0.5175607563105629
743,8630,8718,0.5173376539116711
744,8630,8719,0.49771395950008035
745,8631,8632,0.7460272947230726
746,8631,8633,0.7513004732923098
747,8631,8634,0.7676375155825205
748,8631,8635,0.6549037336381311
749,8631,8636,0.44585293841583085
750,8631,8637,0.0
751,8631,8639,0.6290400027261942
752,8631,8640,0.3797192536588113
753,8631,8642,0.7206477731313572
754,8631,8643,0.005892556509887896
755,8631,8644,0.5562268075621215
756,8631,8646,0.00625
757,8631,8647,0.6977842554492306
758,8631,8650,0.0786588041063729
759,8631,8651,0.7180255681050486
760,8631,8653,0.38367286835418035
761,8631,8654,0.7820775896958699
762,8631,8655,0.5596356238701776
763,8631,8657,0.6003402159816839
764,8631,8660,0.700474915591874
765,8631,8661,0.6781943537342157
766,8631,8663,0.719038812421893
767,8631,8664,0.8072257666805115
768,8631,8665,0.7671236759909186
769,8631,8666,0.665974865391509
770,8631,8667,0.6932177789438594
771,8631,8668,0.7315815165267041
772,8631,8670,0.5983042112297091
773,8631,8671,0.7015708973371981
774,8631,8672,0.6719789065351981
775,8631,8675,0.7160263142774884
776,8631,8676,0.008385254915624212
777,8631,8677,0.5739279950368343
778,8631,8678,0.7073151544271132
779,8631,8679,0.030860669992418384
780,8631,8680,0.6750281905509163
781,8631,8681,0.6653556838727084
782,8631,8683,0.6818335344384792
783,8631,8684,0.5360976331722194
784,8631,8686,0.7730390630090525
785,8631,8687,0.7271281335006596
786,8631,8688,0.673678874793235
787,8631,8689,0.7131951723738132
788,8631,8690,0.63291474364166
789,8631,8691,0.0
790,8631,8692,0.6274161970916615
791,8631,8695,0.696645232708285
792,8631,8696,0.020156720393337445
793,8631,8697,0.7271905992329759
794,8631,8698,0.0
795,8631,8699,0.7011999614959286
796,8631,8700,0.7333472345743195
797,8631,8701,0.48458225321490406
798,8631,8702,0.7624936045184687
799,8631,8703,0.6667989189168735
800,8631,8704,0.7542982106453671
801,8631,8705,0.4071664955441977
802,8631,8707,0.7678981667887923
803,8631,8708,0.697078130936543
804,8631,8709,0.7070650024061289
805,8631,8710,0.774703486073581
806,8631,8711,0.6915524002060225
807,8631,8712,0.6955137186346595
808,8631,8714,0.0
809,8631,8715,0.7698371316975982
810,8631,8716,0.0
811,8631,8717,0.7590960838430054
812,8631,8718,0.7368685279788328
813,8631,8719,0.7089773274984967
814,8632,8633,0.9971517495192759
815,8632,8634,0.7220930341705667
816,8632,8635,0.6550703005019018
817,8632,8636,0.46740181895653393
818,8632,8637,0.0
819,8632,8639,0.6779013231503745
820,8632,8640,0.43453128520915135
821,8632,8642,0.7210134796037314
822,8632,8643,0.0074535599249993
823,8632,8644,0.5659323419264679
824,8632,8646,0.010540925533894598
825,8632,8647,0.7120379527932208
826,8632,8650,0.13399768726670924
827,8632,8651,0.8057174387676229
828,8632,8653,0.33639758578288503
829,8632,8654,0.7462249183347306
830,8632,8655,0.5782913128632396
831,8632,8657,0.6109768075560718
832,8632,8660,0.7298458765170388
833,8632,8661,0.6403524475166621
834,8632,8663,0.7200024447948297
835,8632,8664,0.7374486448283823
836,8632,8665,0.7597158906846416
837,8632,8666,0.6546594211566237
838,8632,8667,0.730319996309925
839,8632,8668,0.7178020194942678
840,8632,8670,0.5383505367971807
841,8632,8671,0.7440571896493271
842,8632,8672,0.6752111262309877
843,8632,8675,0.7481424896751749
844,8632,8676,0.014142135623730949
845,8632,8677,0.5711514707888604
846,8632,8678,0.6929055478770204
847,8632,8679,0.017661733775526236
848,8632,8680,0.6454191788917503
849,8632,8681,0.7563860578489745
850,8632,8683,0.7564965929301222
851,8632,8684,0.5776430023659269
852,8632,8686,0.7513320879757508
853,8632,8687,0.7252072346828615
854,8632,8688,0.6956517538747202
855,8632,8689,0.7063400131845963
856,8632,8690,0.6188038049521404
857,8632,8691,0.0
858,8632,8692,0.6365509294537358
859,8632,8695,0.6547922035359113
860,8632,8696,0.005270462766947299
861,8632,8697,0.7008474514312358
862,8632,8698,0.0
863,8632,8699,0.6480636365767278
864,8632,8700,0.7065431803464499
865,8632,8701,0.4979328598562719
866,8632,8702,0.7578662431026612
867,8632,8703,0.6766598914249684
868,8632,8704,0.7846220903653254
869,8632,8705,0.4249887506975706
870,8632,8707,0.7222380240935385
871,8632,8708,0.706739458015929
872,8632,8709,0.6808203289942547
873,8632,8710,0.7513089860223862
874,8632,8711,0.7447158457696545
875,8632,8712,0.7166554536415003
876,8632,8714,0.0
877,8632,8715,0.7811671269323791
878,8632,8716,0.0
879,8632,8717,0.7256421353102536
880,8632,8718,0.7069457085116191
881,8632,8719,0.7052435079449408
882,8633,8634,0.7216036127715123
883,8633,8635,0.6590863318488276
884,8633,8636,0.47268349955772865
885,8633,8637,0.0
886,8633,8639,0.6839113794356932
887,8633,8640,0.4499684888269833
888,8633,8642,0.7118608953074397
889,8633,8643,0.0074535599249993
890,8633,8644,0.5922301381328527
891,8633,8646,0.010540925533894598
892,8633,8647,0.7127730140758891
893,8633,8650,0.13141851705172258
894,8633,8651,0.8029058310070689
895,8633,8653,0.34797599835959053
896,8633,8654,0.7487151895127407
897,8633,8655,0.574114196936435
898,8633,8657,0.6112163198822245
899,8633,8660,0.7310346444646
900,8633,8661,0.6561865305951776
901,8633,8663,0.7253061302912541
902,8633,8664,0.741929892487723
903,8633,8665,0.750509961464662
904,8633,8666,0.6445509857957274
905,8633,8667,0.7275086650583755
906,8633,8668,0.7251879549602035
907,8633,8670,0.5150454126746306
908,8633,8671,0.7444570108394705
909,8633,8672,0.6730605562054403
910,8633,8675,0.7517076660720311
911,8633,8676,0.014142135623730949
912,8633,8677,0.5838600241615691
913,8633,8678,0.6863844712758496
914,8633,8679,0.017661733775526236
915,8633,8680,0.6755853917083976
916,8633,8681,0.7565047254795991
917,8633,8683,0.7525703474297798
918,8633,8684,0.5711512415274502
919,8633,8686,0.7498155783718872
920,8633,8687,0.7226275372865618
921,8633,8688,0.698662687043088
922,8633,8689,0.7162104162126277
923,8633,8690,0.6217289456795154
924,8633,8691,0.0
925,8633,8692,0.6431322901286209
926,8633,8695,0.6550362124308688
927,8633,8696,0.005270462766947299
928,8633,8697,0.7014571297923178
929,8633,8698,0.0
930,8633,8699,0.6469938990735908
931,8633,8700,0.7082793708778546
932,8633,8701,0.496513065338831
933,8633,8702,0.7538487723428151
934,8633,8703,0.6854691958849333
935,8633,8704,0.786406429785509
936,8633,8705,0.44128104961975767
937,8633,8707,0.7242511237263161
938,8633,8708,0.707356719800865
939,8633,8709,0.6803125339866025
940,8633,8710,0.757170478239036
941,8633,8711,0.7426847856367625
942,8633,8712,0.7157199324225145
943,8633,8714,0.0
944,8633,8715,0.7845040955768021
945,8633,8716,0.0
946,8633,8717,0.7260563553407771
947,8633,8718,0.7160509050632644
948,8633,8719,0.7114047776511656
949,8634,8635,0.6929163342087727
950,8634,8636,0.4532271835568422
951,8634,8637,0.0
952,8634,8639,0.6369312106617027
953,8634,8640,0.35870677282723124
954,8634,8642,0.6982581915801799
955,8634,8643,0.005270462766947299
956,8634,8644,0.5472519857765206
957,8634,8646,0.0074535599249993
958,8634,8647,0.6615712682784942
959,8634,8650,0.08777903779312904
960,8634,8651,0.6885212927150406
961,8634,8653,0.3317845888295887
962,8634,8654,0.765899968879233
963,8634,8655,0.5308453789411558
964,8634,8657,0.5958953554454682
965,8634,8660,0.6817521195758123
966,8634,8661,0.6619518416537757
967,8634,8663,0.6780856244202665
968,8634,8664,0.7718934859118936
969,8634,8665,0.7817865460216955
970,8634,8666,0.6559598054127829
971,8634,8667,0.6778827595543393
972,8634,8668,0.7011524267697539
973,8634,8670,0.6185221664547442
974,8634,8671,0.6968234567348024
975,8634,8672,0.6450837543483614
976,8634,8675,0.690259704150417
977,8634,8676,0.007499999999999999
978,8634,8677,0.527550047096842
979,8634,8678,0.7106602301579097
980,8634,8679,0.058541450153471286
981,8634,8680,0.6524185078193192
982,8634,8681,0.6456642620390767
983,8634,8683,0.652335505080116
984,8634,8684,0.541663407534293
985,8634,8686,0.7568764506731392
986,8634,8687,0.7249174500510807
987,8634,8688,0.6589177676193436
988,8634,8689,0.6915749364840156
989,8634,8690,0.640668917578594
990,8634,8691,0.0
991,8634,8692,0.6248200273642217
992,8634,8695,0.6721968444535814
993,8634,8696,0.02820352078708175
994,8634,8697,0.7264763309479366
995,8634,8698,0.0
996,8634,8699,0.6672983993945736
997,8634,8700,0.6895956896226219
998,8634,8701,0.45481689554615745
999,8634,8702,0.7401284988463801
1000,8634,8703,0.6259349099982863
1001,8634,8704,0.7096466774269179
1002,8634,8705,0.3998543790624949
1003,8634,8707,0.7797804103093626
1004,8634,8708,0.6727401944355935
1005,8634,8709,0.6862054851395135
1006,8634,8710,0.7383725611950649
1007,8634,8711,0.6767918296983487
1008,8634,8712,0.6519308146989555
1009,8634,8714,0.0
1010,8634,8715,0.7458008774403799
1011,8634,8716,0.0
1012,8634,8717,0.7376728883737051
1013,8634,8718,0.7146221080495716
1014,8634,8719,0.6962678401017622
1015,8635,8636,0.521636304554211
1016,8635,8637,0.0
1017,8635,8639,0.607030679526366
1018,8635,8640,0.4586239239553095
1019,8635,8642,0.6673410874088972
1020,8635,8643,0.005892556509887896
1021,8635,8644,0.6055835678144361
1022,8635,8646,0.009722222222222224
1023,8635,8647,0.6465703057522043
1024,8635,8650,0.149787482073118
1025,8635,8651,0.6473835129385939
1026,8635,8653,0.38974481000945094
1027,8635,8654,0.6890254066055478
1028,8635,8655,0.5179976024291184
1029,8635,8657,0.6013506192932524
1030,8635,8660,0.6078163068054449
1031,8635,8661,0.6079778478995275
1032,8635,8663,0.6355806733022007
1033,8635,8664,0.6366241755416834
1034,8635,8665,0.6892606800866856
1035,8635,8666,0.6132189957568813
1036,8635,8667,0.620229442595233
1037,8635,8668,0.6460116745171031
1038,8635,8670,0.574422659316355
1039,8635,8671,0.6758161307806185
1040,8635,8672,0.5786619887830662
1041,8635,8675,0.6210461193967887
1042,8635,8676,0.0074535599249993
1043,8635,8677,0.5982568934313222
1044,8635,8678,0.6544917569236028
1045,8635,8679,0.05502570490309232
1046,8635,8680,0.6538924552325355
1047,8635,8681,0.6111869556704715
1048,8635,8683,0.6213269306967256
1049,8635,8684,0.5496259171641295
1050,8635,8686,0.6625919015623855
1051,8635,8687,0.6698552018506339
1052,8635,8688,0.6131941082909295
1053,8635,8689,0.6129650225107851
1054,8635,8690,0.5924494270602818
1055,8635,8691,0.0
1056,8635,8692,0.6379799823338892
1057,8635,8695,0.6277905378221713
1058,8635,8696,0.02112667979916587
1059,8635,8697,0.6563801796085487
1060,8635,8698,0.011957625511119022
1061,8635,8699,0.6375949086205199
1062,8635,8700,0.648235837663789
1063,8635,8701,0.4853452566542731
1064,8635,8702,0.6614230839111328
1065,8635,8703,0.6012595237217657
1066,8635,8704,0.6764604580677617
1067,8635,8705,0.451760905203497
1068,8635,8707,0.6549106473173336
1069,8635,8708,0.6054923570961224
1070,8635,8709,0.6495628507436728
1071,8635,8710,0.6779108953950981
1072,8635,8711,0.6103841788841897
1073,8635,8712,0.6197879194328743
1074,8635,8714,0.0
1075,8635,8715,0.676892492380758
1076,8635,8716,0.011957625511119022
1077,8635,8717,0.6423541251546645
1078,8635,8718,0.6499281279457836
1079,8635,8719,0.644812125285926
1080,8636,8637,0.0
1081,8636,8639,0.48797033286090535
1082,8636,8640,0.5091435145969344
1083,8636,8642,0.5018012398513961
1084,8636,8643,0.005407380704358752
1085,8636,8644,0.521049402499035
1086,8636,8646,0.008603090020146068
1087,8636,8647,0.46741261203627393
1088,8636,8650,0.14939007557575812
1089,8636,8651,0.4673696333337831
1090,8636,8653,0.4541895620709129
1091,8636,8654,0.4858137074844369
1092,8636,8655,0.4421240166072629
1093,8636,8657,0.4528077575084486
1094,8636,8660,0.45378045942223166
1095,8636,8661,0.45235919054691764
1096,8636,8663,0.4705392087823017
1097,8636,8664,0.4343134465834103
1098,8636,8665,0.5043202665018999
1099,8636,8666,0.49237832335526144
1100,8636,8667,0.48652968935111435
1101,8636,8668,0.43450300000600195
1102,8636,8670,0.44659205485635123
1103,8636,8671,0.5236001167879425
1104,8636,8672,0.46062555205724826
1105,8636,8675,0.4112212709597785
1106,8636,8676,0.010259783520851542
1107,8636,8677,0.5594687912620827
1108,8636,8678,0.4630316723423801
1109,8636,8679,0.024965985873660432
1110,8636,8680,0.5099978568626107
1111,8636,8681,0.4230124173696846
1112,8636,8683,0.4508327680467473
1113,8636,8684,0.43646858395747257
1114,8636,8686,0.46322862241369545
1115,8636,8687,0.48770236574329384
1116,8636,8688,0.44377291448069645
1117,8636,8689,0.47926539624752873
1118,8636,8690,0.3710077633596124
1119,8636,8691,0.0
1120,8636,8692,0.5075998631293218
1121,8636,8695,0.4765200207925647
1122,8636,8696,0.0057353933467640455
1123,8636,8697,0.42027212212519044
1124,8636,8698,0.0
1125,8636,8699,0.5051277135866934
1126,8636,8700,0.4878229559674526
1127,8636,8701,0.4100271516888452
1128,8636,8702,0.4959032773322837
1129,8636,8703,0.46081540398284726
1130,8636,8704,0.4484389957017513
1131,8636,8705,0.470151279967865
1132,8636,8707,0.4647324244805486
1133,8636,8708,0.42520771956030545
1134,8636,8709,0.488810390067848
1135,8636,8710,0.45091122434045317
1136,8636,8711,0.4804991913913998
1137,8636,8712,0.4574407952154581
1138,8636,8714,0.0
1139,8636,8715,0.48038149264638497
1140,8636,8716,0.0
1141,8636,8717,0.47430172168584894
1142,8636,8718,0.4397381587308863
1143,8636,8719,0.4670449386831768
1144,8637,8639,0.0
1145,8637,8640,0.0
1146,8637,8642,0.0
1147,8637,8643,0.0
1148,8637,8644,0.0
1149,8637,8646,0.0
1150,8637,8647,0.0
1151,8637,8650,0.0
1152,8637,8651,0.0
1153,8637,8653,0.0
1154,8637,8654,0.0
1155,8637,8655,0.0
1156,8637,8657,0.0
1157,8637,8660,0.0
1158,8637,8661,0.0
1159,8637,8663,0.0
1160,8637,8664,0.0
1161,8637,8665,0.0
1162,8637,8666,0.0
1163,8637,8667,0.0
1164,8637,8668,0.0
1165,8637,8670,0.0
1166,8637,8671,0.0
1167,8637,8672,0.0
1168,8637,8675,0.0
1169,8637,8676,0.0
1170,8637,8677,0.0
1171,8637,8678,0.0
1172,8637,8679,0.0
1173,8637,8680,0.0
1174,8637,8681,0.0
1175,8637,8683,0.0
1176,8637,8684,0.0
1177,8637,8686,0.0
1178,8637,8687,0.0
1179,8637,8688,0.0
1180,8637,8689,0.0
1181,8637,8690,0.0
1182,8637,8691,0.0
1183,8637,8692,0.0
1184,8637,8695,0.0
1185,8637,8696,0.0
1186,8637,8697,0.0
1187,8637,8698,0.0
1188,8637,8699,0.0
1189,8637,8700,0.0
1190,8637,8701,0.0
1191,8637,8702,0.0
1192,8637,8703,0.0
1193,8637,8704,0.0
1194,8637,8705,0.0
1195,8637,8707,0.0
1196,8637,8708,0.0
1197,8637,8709,0.0
1198,8637,8710,0.0
1199,8637,8711,0.0
1200,8637,8712,0.0
1201,8637,8714,0.0
1202,8637,8715,0.0
1203,8637,8716,0.0
1204,8637,8717,0.0
1205,8637,8718,0.0
1206,8637,8719,0.0
1207,8639,8640,0.45410809408246966
1208,8639,8642,0.6424519432837259
1209,8639,8643,0.011180339887498949
1210,8639,8644,0.5652394506191593
1211,8639,8646,0.005270462766947299
1212,8639,8647,0.568936511828437
1213,8639,8650,0.13898336468010286
1214,8639,8651,0.6896142898276352
1215,8639,8653,0.39302501876392376
1216,8639,8654,0.6272522778993401
1217,8639,8655,0.5528293149240536
1218,8639,8657,0.5542515021024208
1219,8639,8660,0.602975801415842
1220,8639,8661,0.5747709612017339
1221,8639,8663,0.5838428155226902
1222,8639,8664,0.6498582281484356
1223,8639,8665,0.652158566706199
1224,8639,8666,0.5741658437040333
1225,8639,8667,0.6616661429977442
1226,8639,8668,0.5858255794844183
1227,8639,8670,0.5219455030590737
1228,8639,8671,0.6149436501207214
1229,8639,8672,0.5770223253592413
1230,8639,8675,0.6974910802877226
1231,8639,8676,0.0070710678118654745
1232,8639,8677,0.5346390750695791
1233,8639,8678,0.5903413375384847
1234,8639,8679,0.015061890411342902
1235,8639,8680,0.628162696009458
1236,8639,8681,0.6385571965427643
1237,8639,8683,0.6570188721320231
1238,8639,8684,0.543730875368695
1239,8639,8686,0.6392986750298237
1240,8639,8687,0.6056379628615781
1241,8639,8688,0.591722230383104
1242,8639,8689,0.6167303711912127
1243,8639,8690,0.5019217178136796
1244,8639,8691,0.0
1245,8639,8692,0.5799943878003304
1246,8639,8695,0.5833457240476541
1247,8639,8696,0.0
1248,8639,8697,0.6355568591821563
1249,8639,8698,0.0
1250,8639,8699,0.5843992247365142
1251,8639,8700,0.5706211451133432
1252,8639,8701,0.47594711770836606
1253,8639,8702,0.6157790699063045
1254,8639,8703,0.5760122482062209
1255,8639,8704,0.694025811237057
1256,8639,8705,0.48809293640482
1257,8639,8707,0.6177278158940629
1258,8639,8708,0.6004312467107866
1259,8639,8709,0.5734771713415905
1260,8639,8710,0.5970999078765183
1261,8639,8711,0.6668543386229533
1262,8639,8712,0.624482659654674
1263,8639,8714,0.0
1264,8639,8715,0.6472066780412608
1265,8639,8716,0.0
1266,8639,8717,0.6128414917160372
1267,8639,8718,0.6225869168174302
1268,8639,8719,0.6348870014396901
1269,8640,8642,0.4590480797525527
1270,8640,8643,0.0
1271,8640,8644,0.46601675488798455
1272,8640,8646,0.0
1273,8640,8647,0.41852861577793343
1274,8640,8650,0.23187145171555015
1275,8640,8651,0.44053611648913193
1276,8640,8653,0.411158849769668
1277,8640,8654,0.4133261850254914
1278,8640,8655,0.42998746065718907
1279,8640,8657,0.3891217355755294
1280,8640,8660,0.3792297685058666
1281,8640,8661,0.4049417143303556
1282,8640,8663,0.457989426175197
1283,8640,8664,0.39709541458638364
1284,8640,8665,0.3742448485319312
1285,8640,8666,0.3787395381504875
1286,8640,8667,0.3967597639790137
1287,8640,8668,0.3933771077540439
1288,8640,8670,0.40597269504043715
1289,8640,8671,0.40737678912724773
1290,8640,8672,0.3969785831039674
1291,8640,8675,0.47428497238233025
1292,8640,8676,0.0
1293,8640,8677,0.5110999827198336
1294,8640,8678,0.36913751222624036
1295,8640,8679,0.009974186691781491
1296,8640,8680,0.48320070022229766
1297,8640,8681,0.47698859966590834
1298,8640,8683,0.4673786261366796
1299,8640,8684,0.36937863237384577
1300,8640,8686,0.4293366698800421
1301,8640,8687,0.41316125122336345
1302,8640,8688,0.4034468871538017
1303,8640,8689,0.4508965494289946
1304,8640,8690,0.3391775399117953
1305,8640,8691,0.0
1306,8640,8692,0.48488893987615594
1307,8640,8695,0.44217273098300275
1308,8640,8696,0.010112997936948632
1309,8640,8697,0.4066288694532748
1310,8640,8698,0.0
1311,8640,8699,0.4218713887468306
1312,8640,8700,0.40735988593806227
1313,8640,8701,0.42412178300268305
1314,8640,8702,0.4010094987216775
1315,8640,8703,0.40109251550117475
1316,8640,8704,0.41728731273458447
1317,8640,8705,0.5602531765123122
1318,8640,8707,0.37806368723861056
1319,8640,8708,0.3975576171687826
1320,8640,8709,0.3852601622383478
1321,8640,8710,0.37775898401036934
1322,8640,8711,0.43786897440412464
1323,8640,8712,0.44455631281362606
1324,8640,8714,0.0
1325,8640,8715,0.40016773567859165
1326,8640,8716,0.0
1327,8640,8717,0.38544500327913944
1328,8640,8718,0.3665071925987088
1329,8640,8719,0.40336684951731666
1330,8642,8643,0.006804138174397717
1331,8642,8644,0.570515571203574
1332,8642,8646,0.008419691425682043
1333,8642,8647,0.6626879636343731
1334,8642,8650,0.16163539645384617
1335,8642,8651,0.7032230677250357
1336,8642,8653,0.3720476637503611
1337,8642,8654,0.7274718065994891
1338,8642,8655,0.5682805850860968
1339,8642,8657,0.6092883852164692
1340,8642,8660,0.6713665918184399
1341,8642,8661,0.6451834580452075
1342,8642,8663,0.6728905422745943
1343,8642,8664,0.7378075102361976
1344,8642,8665,0.7561232663767832
1345,8642,8666,0.6405321747184405
1346,8642,8667,0.6812210401001961
1347,8642,8668,0.6930365587290597
1348,8642,8670,0.5679084529457636
1349,8642,8671,0.6894896276350606
1350,8642,8672,0.6453557609420254
1351,8642,8675,0.6949642299040598
1352,8642,8676,0.012909944487358058
1353,8642,8677,0.5984044640012369
1354,8642,8678,0.6927899423339993
1355,8642,8679,0.024177886353404742
1356,8642,8680,0.6717440827382867
1357,8642,8681,0.6689136106330724
1358,8642,8683,0.6701525868146059
1359,8642,8684,0.5773655284663255
1360,8642,8686,0.7238869461467252
1361,8642,8687,0.71170944577943
1362,8642,8688,0.6517984641521641
1363,8642,8689,0.6935555025230857
1364,8642,8690,0.6499695777592684
1365,8642,8691,0.0
1366,8642,8692,0.6670779884147244
1367,8642,8695,0.6591922892340264
1368,8642,8696,0.021739455873006217
1369,8642,8697,0.7010799456727179
1370,8642,8698,0.0
1371,8642,8699,0.6446760471423356
1372,8642,8700,0.7165240221632907
1373,8642,8701,0.4933505925153584
1374,8642,8702,0.7175196568238529
1375,8642,8703,0.6501063761249373
1376,8642,8704,0.7247118683855189
1377,8642,8705,0.46800263210945986
1378,8642,8707,0.7043036224630599
1379,8642,8708,0.6667868265860173
1380,8642,8709,0.6644509472908084
1381,8642,8710,0.7230945100723469
1382,8642,8711,0.693894463519843
1383,8642,8712,0.6772957363279812
1384,8642,8714,0.0
1385,8642,8715,0.7368327100342833
1386,8642,8716,0.0
1387,8642,8717,0.7045087089917471
1388,8642,8718,0.6917744458318584
1389,8642,8719,0.6845230438240706
1390,8643,8644,0.005270462766947299
1391,8643,8646,0.005892556509887896
1392,8643,8647,0.0
1393,8643,8650,0.005892556509887896
1394,8643,8651,0.009622504486493764
1395,8643,8653,0.007537783614444091
1396,8643,8654,0.006944444444444445
1397,8643,8655,0.00944911182523068
1398,8643,8657,0.005892556509887896
1399,8643,8660,0.005555555555555556
1400,8643,8661,0.007737305757377163
1401,8643,8663,0.00314970394174356
1402,8643,8664,0.003928371006591931
1403,8643,8665,0.004166666666666667
1404,8643,8666,0.006681531047810611
1405,8643,8667,0.010206207261596578
1406,8643,8668,0.0
1407,8643,8670,0.004419417382415922
1408,8643,8671,0.0034020690871988586
1409,8643,8672,0.0
1410,8643,8675,0.009622504486493764
1411,8643,8676,0.00790569415042095
1412,8643,8677,0.0020833333333333333
1413,8643,8678,0.0022271770159368698
1414,8643,8679,0.00181848241863327
1415,8643,8680,0.009092412093166349
1416,8643,8681,0.006804138174397717
1417,8643,8683,0.006804138174397717
1418,8643,8684,0.0074535599249993
1419,8643,8686,0.007253235664820744
1420,8643,8687,0.0
1421,8643,8688,0.0
1422,8643,8689,0.0
1423,8643,8690,0.005000000000000001
1424,8643,8691,0.0
1425,8643,8692,0.011470786693528086
1426,8643,8695,0.0020833333333333333
1427,8643,8696,0.0019641855032959655
1428,8643,8697,0.006454972243679028
1429,8643,8698,0.0
1430,8643,8699,0.001863389981249825
1431,8643,8700,0.0
1432,8643,8701,0.00314970394174356
1433,8643,8702,0.0
1434,8643,8703,0.0
1435,8643,8704,0.004811252243246882
1436,8643,8705,0.0
1437,8643,8707,0.0
1438,8643,8708,0.006804138174397717
1439,8643,8709,0.0
1440,8643,8710,0.0
1441,8643,8711,0.008838834764831844
1442,8643,8712,0.007647191129018724
1443,8643,8714,0.0
1444,8643,8715,0.004811252243246882
1445,8643,8716,0.0
1446,8643,8717,0.0026352313834736496
1447,8643,8718,0.006063390625908325
1448,8643,8719,0.0
1449,8644,8646,0.009316949906249126
1450,8644,8647,0.5647651519993487
1451,8644,8650,0.14615639217374204
1452,8644,8651,0.5811404530706249
1453,8644,8653,0.41996074900000324
1454,8644,8654,0.5425859926845449
1455,8644,8655,0.5021408644549161
1456,8644,8657,0.6292989377727232
1457,8644,8660,0.5757783784971792
1458,8644,8661,0.5868948807919587
1459,8644,8663,0.5910074367231692
1460,8644,8664,0.5667338416306315
1461,8644,8665,0.5725399506788147
1462,8644,8666,0.5895761606371572
1463,8644,8667,0.5455022318444804
1464,8644,8668,0.5865713920374108
1465,8644,8670,0.5275392316613045
1466,8644,8671,0.5819640941577015
1467,8644,8672,0.5466041835428688
1468,8644,8675,0.5321773110355091
1469,8644,8676,0.009999999999999998
1470,8644,8677,0.6039639736776226
1471,8644,8678,0.5670509610884047
1472,8644,8679,0.019465139443995243
1473,8644,8680,0.5989950473363685
1474,8644,8681,0.5493677018012476
1475,8644,8683,0.5760142795244706
1476,8644,8684,0.4957199774827356
1477,8644,8686,0.5786360318437348
1478,8644,8687,0.5762892487328001
1479,8644,8688,0.5543739948577591
1480,8644,8689,0.5799660464986409
1481,8644,8690,0.5164119071282175
1482,8644,8691,0.0
1483,8644,8692,0.5532297283507915
1484,8644,8695,0.5574158140390516
1485,8644,8696,0.00372677996249965
1486,8644,8697,0.5580253633468363
1487,8644,8698,0.0
1488,8644,8699,0.5532127005177412
1489,8644,8700,0.567106125869943
1490,8644,8701,0.4575925548826184
1491,8644,8702,0.6119881190179493
1492,8644,8703,0.559785344798351
1493,8644,8704,0.584501242242653
1494,8644,8705,0.4900898129187557
1495,8644,8707,0.5648825385241399
1496,8644,8708,0.5600647972947955
1497,8644,8709,0.5886202172695367
1498,8644,8710,0.5731476232718101
1499,8644,8711,0.5637844721316059
1500,8644,8712,0.5849173528581261
1501,8644,8714,0.0
1502,8644,8715,0.6097619314347044
1503,8644,8716,0.0
1504,8644,8717,0.564914463738641
1505,8644,8718,0.5872729624307251
1506,8644,8719,0.5784438277079689
1507,8646,8647,0.006804138174397717
1508,8646,8650,0.006944444444444447
1509,8646,8651,0.006804138174397717
1510,8646,8653,0.010660035817780524
1511,8646,8654,0.006874649261535879
1512,8646,8655,0.008908708063747479
1513,8646,8657,0.009722222222222224
1514,8646,8660,0.005892556509887896
1515,8646,8661,0.009847982464479193
1516,8646,8663,0.0044543540318737395
1517,8646,8664,0.004166666666666668
1518,8646,8665,0.005892556509887897
1519,8646,8666,0.009449111825230682
1520,8646,8667,0.004811252243246883
1521,8646,8668,0.005270462766947299
1522,8646,8670,0.007291666666666668
1523,8646,8671,0.012028130608117206
1524,8646,8672,0.0044543540318737395
1525,8646,8675,0.005103103630798289
1526,8646,8676,0.009316949906249126
1527,8646,8677,0.0029462782549439484
1528,8646,8678,0.004724555912615341
1529,8646,8679,0.007715167498104598
1530,8646,8680,0.011572751247156897
1531,8646,8681,0.0072168783648703235
1532,8646,8683,0.0072168783648703235
1533,8646,8684,0.005270462766947299
1534,8646,8686,0.009231861823449957
1535,8646,8687,0.004811252243246883
1536,8646,8688,0.005590169943749475
1537,8646,8689,0.0014731391274719742
1538,8646,8690,0.007071067811865477
1539,8646,8691,0.0
1540,8646,8692,0.008111071056538128
1541,8646,8695,0.004419417382415923
1542,8646,8696,0.004166666666666668
1543,8646,8697,0.007607257743127308
1544,8646,8698,0.0
1545,8646,8699,0.005270462766947299
1546,8646,8700,0.003928371006591931
1547,8646,8701,0.0022271770159368698
1548,8646,8702,0.006804138174397717
1549,8646,8703,0.0026352313834736496
1550,8646,8704,0.005103103630798289
1551,8646,8705,0.0
1552,8646,8707,0.00521286035142687
1553,8646,8708,0.0
1554,8646,8709,0.005892556509887897
1555,8646,8710,0.006804138174397717
1556,8646,8711,0.00625
1557,8646,8712,0.008111071056538128
1558,8646,8714,0.0
1559,8646,8715,0.005103103630798289
1560,8646,8716,0.0
1561,8646,8717,0.009316949906249126
1562,8646,8718,0.005716619504750295
1563,8646,8719,0.004724555912615341
1564,8647,8650,0.112491249364091
1565,8647,8651,0.706386934612167
1566,8647,8653,0.34414797820446974
1567,8647,8654,0.6823301069241651
1568,8647,8655,0.5754434796981238
1569,8647,8657,0.6012111959222801
1570,8647,8660,0.6825813219633958
1571,8647,8661,0.6470838335968461
1572,8647,8663,0.7583850906285914
1573,8647,8664,0.6668654515477704
1574,8647,8665,0.6736550754114258
1575,8647,8666,0.6170698851546035
1576,8647,8667,0.6496494856283015
1577,8647,8668,0.8068164823423345
1578,8647,8670,0.521812504333456
1579,8647,8671,0.7022771943416557
1580,8647,8672,0.631038434862017
1581,8647,8675,0.6311274922743414
1582,8647,8676,0.009128709291752768
1583,8647,8677,0.6409260886213409
1584,8647,8678,0.6322043740034226
1585,8647,8679,0.029444910377800906
1586,8647,8680,0.6714788269467526
1587,8647,8681,0.6964164628130767
1588,8647,8683,0.6958366081600706
1589,8647,8684,0.515743174979846
1590,8647,8686,0.6945366984791662
1591,8647,8687,0.750148424096658
1592,8647,8688,0.678154844559359
1593,8647,8689,0.7103095148661849
1594,8647,8690,0.6472113722200876
1595,8647,8691,0.0
1596,8647,8692,0.6110616437785624
1597,8647,8695,0.6179725298019173
1598,8647,8696,0.03878424562773928
1599,8647,8697,0.6174590619121838
1600,8647,8698,0.0
1601,8647,8699,0.6437825448046923
1602,8647,8700,0.7306224458849833
1603,8647,8701,0.4687340837168078
1604,8647,8702,0.806746341560459
1605,8647,8703,0.7302351089992198
1606,8647,8704,0.6706758967620907
1607,8647,8705,0.4292943428430341
1608,8647,8707,0.6536168267964804
1609,8647,8708,0.6588750793103892
1610,8647,8709,0.768279648774605
1611,8647,8710,0.8099499102440286
1612,8647,8711,0.6384533837240711
1613,8647,8712,0.6647964195840592
1614,8647,8714,0.0
1615,8647,8715,0.6994830511109658
1616,8647,8716,0.0
1617,8647,8717,0.6448180454587426
1618,8647,8718,0.6559206697013691
1619,8647,8719,0.6476942999567493
1620,8650,8651,0.13007021083356432
1621,8650,8653,0.243637229148885
1622,8650,8654,0.11782924171247798
1623,8650,8655,0.13106352384452835
1624,8650,8657,0.09697783845192748
1625,8650,8660,0.12437170334267279
1626,8650,8661,0.12816586801269164
1627,8650,8663,0.10814120652890748
1628,8650,8664,0.09198108376378061
1629,8650,8665,0.12910386301985372
1630,8650,8666,0.09934307356818002
1631,8650,8667,0.10128418365530498
1632,8650,8668,0.130681616396745
1633,8650,8670,0.11756708647967422
1634,8650,8671,0.13971979769845036
1635,8650,8672,0.10339587166853126
1636,8650,8675,0.12437057510369769
1637,8650,8676,0.01118033988749895
1638,8650,8677,0.15396803761617495
1639,8650,8678,0.09663270715480658
1640,8650,8679,0.13645145067572118
1641,8650,8680,0.19236326964862413
1642,8650,8681,0.11451580854504789
1643,8650,8683,0.13313696565811445
1644,8650,8684,0.09905360679992878
1645,8650,8686,0.11239758317096872
1646,8650,8687,0.13119777837675872
1647,8650,8688,0.07319961776816962
1648,8650,8689,0.13227505996065939
1649,8650,8690,0.10713438642692107
1650,8650,8691,0.0
1651,8650,8692,0.1745837234877891
1652,8650,8695,0.09635359029950923
1653,8650,8696,0.026010101010101008
1654,8650,8697,0.08110532335383172
1655,8650,8698,0.0
1656,8650,8699,0.08000825557225502
1657,8650,8700,0.11740559747982562
1658,8650,8701,0.07892438889412105
1659,8650,8702,0.11448068759185513
1660,8650,8703,0.14701653843508583
1661,8650,8704,0.12984132913564975
1662,8650,8705,0.150852421034753
1663,8650,8707,0.06493700126531264
1664,8650,8708,0.10180570412385134
1665,8650,8709,0.08351469041468039
1666,8650,8710,0.09201811581283413
1667,8650,8711,0.13368381139015173
1668,8650,8712,0.13430582734867802
1669,8650,8714,0.0
1670,8650,8715,0.1059000927343825
1671,8650,8716,0.0
1672,8650,8717,0.06764634448250506
1673,8650,8718,0.10029888957211877
1674,8650,8719,0.09931745369647674
1675,8651,8653,0.391035061057255
1676,8651,8654,0.7228436195355761
1677,8651,8655,0.5605595174297112
1678,8651,8657,0.610169147187497
1679,8651,8660,0.7091932340504212
1680,8651,8661,0.6435933826747242
1681,8651,8663,0.6990174664191221
1682,8651,8664,0.7091433832405848
1683,8651,8665,0.7203845456563471
1684,8651,8666,0.6292881242246501
1685,8651,8667,0.7217069359095116
1686,8651,8668,0.7179640933307424
1687,8651,8670,0.49128019535016415
1688,8651,8671,0.7411535051888226
1689,8651,8672,0.6594359189804306
1690,8651,8675,0.7876218346482307
1691,8651,8676,0.009128709291752768
1692,8651,8677,0.5597153169555389
1693,8651,8678,0.6647759662433517
1694,8651,8679,0.016278304294607426
1695,8651,8680,0.6494584972549899
1696,8651,8681,0.7887526387667223
1697,8651,8683,0.7898068109095453
1698,8651,8684,0.5433233592767924
1699,8651,8686,0.7250224707417563
1700,8651,8687,0.7099365826211196
1701,8651,8688,0.6954440662512482
1702,8651,8689,0.7001001889672478
1703,8651,8690,0.6226733850653199
1704,8651,8691,0.0
1705,8651,8692,0.6229802423450874
1706,8651,8695,0.6257781575951712
1707,8651,8696,0.0
1708,8651,8697,0.6860141627668246
1709,8651,8698,0.0
1710,8651,8699,0.6235493942216593
1711,8651,8700,0.6994923392005764
1712,8651,8701,0.5375540456718
1713,8651,8702,0.7346192512032175
1714,8651,8703,0.6893404936474377
1715,8651,8704,0.776665967033888
1716,8651,8705,0.4957462489147061
1717,8651,8707,0.67687490599573
1718,8651,8708,0.6952084013833153
1719,8651,8709,0.6702267695463187
1720,8651,8710,0.7211602849742995
1721,8651,8711,0.7396481404455537
1722,8651,8712,0.7078049920553571
1723,8651,8714,0.0
1724,8651,8715,0.7668484322097509
1725,8651,8716,0.0
1726,8651,8717,0.6924578969478038
1727,8651,8718,0.6865909218776716
1728,8651,8719,0.6792010242476465
1729,8653,8654,0.35482732862110045
1730,8653,8655,0.43737357228185203
1731,8653,8657,0.29858380432673604
1732,8653,8660,0.2897913181288837
1733,8653,8661,0.39527659070266785
1734,8653,8663,0.3742589714942617
1735,8653,8664,0.3387695470516249
1736,8653,8665,0.39261483461462726
1737,8653,8666,0.33177682806721726
1738,8653,8667,0.3863369209994929
1739,8653,8668,0.35450933907719584
1740,8653,8670,0.40867173727709966
1741,8653,8671,0.35192307662883787
1742,8653,8672,0.3527393463549071
1743,8653,8675,0.37006499814160393
1744,8653,8676,0.009534625892455925
1745,8653,8677,0.47693228958660494
1746,8653,8678,0.3461124164949417
1747,8653,8679,0.040728348252643556
1748,8653,8680,0.4809088841130261
1749,8653,8681,0.3426377176794654
1750,8653,8683,0.3339045322086012
1751,8653,8684,0.3243244426419142
1752,8653,8686,0.3709459083188784
1753,8653,8687,0.3411301251694683
1754,8653,8688,0.31114184259578226
1755,8653,8689,0.3497440522541081
1756,8653,8690,0.3880774829857453
1757,8653,8691,0.0
1758,8653,8692,0.3600240028672077
1759,8653,8695,0.41603420593286455
1760,8653,8696,0.0206474317415392
1761,8653,8697,0.34277245944697854
1762,8653,8698,0.0
1763,8653,8699,0.4173547721178211
1764,8653,8700,0.38519958319373737
1765,8653,8701,0.3546931822837434
1766,8653,8702,0.41036463297454384
1767,8653,8703,0.3653914236395386
1768,8653,8704,0.3605978587875417
1769,8653,8705,0.36514121327031346
1770,8653,8707,0.349411396035439
1771,8653,8708,0.32124055815429287
1772,8653,8709,0.42474154084098126
1773,8653,8710,0.33548246564160733
1774,8653,8711,0.3546972933391601
1775,8653,8712,0.32790436259461986
1776,8653,8714,0.0
1777,8653,8715,0.4029746872291836
1778,8653,8716,0.0
1779,8653,8717,0.3513839565580612
1780,8653,8718,0.3063162311799027
1781,8653,8719,0.31233579519554355
1782,8654,8655,0.5498612087673437
1783,8654,8657,0.5828375748989589
1784,8654,8660,0.7012694563583737
1785,8654,8661,0.6658208868043973
1786,8654,8663,0.7151660574230467
1787,8654,8664,0.7721445575174666
1788,8654,8665,0.7832683953039062
1789,8654,8666,0.6658913453468916
1790,8654,8667,0.7116336915411678
1791,8654,8668,0.7224442214443805
1792,8654,8670,0.5472711882670813
1793,8654,8671,0.7245217945744009
1794,8654,8672,0.674282890236616
1795,8654,8675,0.7135048451565872
1796,8654,8676,0.005270462766947299
1797,8654,8677,0.5865007376640499
1798,8654,8678,0.7254238007656018
1799,8654,8679,0.02375357362368481
1800,8654,8680,0.6813293573117282
1801,8654,8681,0.6757048876535603
1802,8654,8683,0.6862718051059553
1803,8654,8684,0.5596618226417124
1804,8654,8686,0.769553034569157
1805,8654,8687,0.7390192101026429
1806,8654,8688,0.6799768292789359
1807,8654,8689,0.715014504343814
1808,8654,8690,0.6431803409063866
1809,8654,8691,0.0
1810,8654,8692,0.6733080520462356
1811,8654,8695,0.6995234218332417
1812,8654,8696,0.024154366880489195
1813,8654,8697,0.7336297802100818
1814,8654,8698,0.0008821099842386398
1815,8654,8699,0.6979038883015127
1816,8654,8700,0.7233926812070205
1817,8654,8701,0.4675030556627744
1818,8654,8702,0.7567567706408777
1819,8654,8703,0.6674275715722098
1820,8654,8704,0.7418071926852594
1821,8654,8705,0.42453904072702664
1822,8654,8707,0.7611807701371078
1823,8654,8708,0.7108613831817858
1824,8654,8709,0.6873369025479521
1825,8654,8710,0.7649362257838282
1826,8654,8711,0.698429667871604
1827,8654,8712,0.6935780391821076
1828,8654,8714,0.0
1829,8654,8715,0.7707556974380669
1830,8654,8716,0.0008821099842386398
1831,8654,8717,0.7575968817114295
1832,8654,8718,0.7449421435636534
1833,8654,8719,0.711198426480242
1834,8655,8657,0.5155415204383514
1835,8655,8660,0.5227457163056212
1836,8655,8661,0.5564204700183243
1837,8655,8663,0.5822639902780793
1838,8655,8664,0.5417020640445345
1839,8655,8665,0.5496098257736406
1840,8655,8666,0.501664335118441
1841,8655,8667,0.554771407988985
1842,8655,8668,0.5733072202572751
1843,8655,8670,0.4977049417026581
1844,8655,8671,0.5432948991837059
1845,8655,8672,0.5369087420896246
1846,8655,8675,0.5320004375857565
1847,8655,8676,0.011952286093343936
1848,8655,8677,0.5289314274369851
1849,8655,8678,0.53418866343869
1850,8655,8679,0.024743582965269677
1851,8655,8680,0.5552273993273746
1852,8655,8681,0.5747433383653784
1853,8655,8683,0.5701524027280735
1854,8655,8684,0.45361443112429445
1855,8655,8686,0.5752294942347065
1856,8655,8687,0.5431083133273045
1857,8655,8688,0.5174685303392623
1858,8655,8689,0.5304794842622125
1859,8655,8690,0.5589088985247503
1860,8655,8691,0.0
1861,8655,8692,0.5205882990631665
1862,8655,8695,0.5596376560211478
1863,8655,8696,0.021548440500819433
1864,8655,8697,0.5166561910387435
1865,8655,8698,0.0
1866,8655,8699,0.5416573742130488
1867,8655,8700,0.5554447319798872
1868,8655,8701,0.48756066981311974
1869,8655,8702,0.5638426863044943
1870,8655,8703,0.5164807181310835
1871,8655,8704,0.5376415301420467
1872,8655,8705,0.441337143170727
1873,8655,8707,0.5304529581547849
1874,8655,8708,0.5303256097926977
1875,8655,8709,0.544670715820111
1876,8655,8710,0.5681523850180794
1877,8655,8711,0.5668624415977235
1878,8655,8712,0.5325523039991917
1879,8655,8714,0.0
1880,8655,8715,0.5570341679520526
1881,8655,8716,0.0
1882,8655,8717,0.522559982426168
1883,8655,8718,0.515621130316344
1884,8655,8719,0.5236671102823653
1885,8657,8660,0.600192691697131
1886,8657,8661,0.5907696484477741
1887,8657,8663,0.6145989686073183
1888,8657,8664,0.57878103626099
1889,8657,8665,0.5736665639844283
1890,8657,8666,0.6108604606314956
1891,8657,8667,0.5686921715446789
1892,8657,8668,0.5983299162417651
1893,8657,8670,0.48536166264704317
1894,8657,8671,0.6003067270359022
1895,8657,8672,0.5786575403224916
1896,8657,8675,0.5872178649544137
1897,8657,8676,0.01118033988749895
1898,8657,8677,0.5359908725950191
1899,8657,8678,0.5923236418028694
1900,8657,8679,0.011572751247156897
1901,8657,8680,0.571398913054862
1902,8657,8681,0.5851512986406999
1903,8657,8683,0.5890641807893919
1904,8657,8684,0.5011780682202827
1905,8657,8686,0.6079992849753368
1906,8657,8687,0.6125429872242394
1907,8657,8688,0.594914961013731
1908,8657,8689,0.605154491390086
1909,8657,8690,0.5756541741841952
1910,8657,8691,0.0
1911,8657,8692,0.5446702015770002
1912,8657,8695,0.5619309846034208
1913,8657,8696,0.005555555555555557
1914,8657,8697,0.5856719835227987
1915,8657,8698,0.0
1916,8657,8699,0.5584751803866645
1917,8657,8700,0.5983212004534996
1918,8657,8701,0.46999483122703295
1919,8657,8702,0.6098634048935379
1920,8657,8703,0.5751706954902838
1921,8657,8704,0.604112117552917
1922,8657,8705,0.4534384263135749
1923,8657,8707,0.5946498167812626
1924,8657,8708,0.5841085387072222
1925,8657,8709,0.6089562884247094
1926,8657,8710,0.6215261649316858
1927,8657,8711,0.5876420517536662
1928,8657,8712,0.6104895195267153
1929,8657,8714,0.0
1930,8657,8715,0.6216090188302209
1931,8657,8716,0.0
1932,8657,8717,0.6103017806531829
1933,8657,8718,0.6126998609512379
1934,8657,8719,0.6123858783094355
1935,8660,8661,0.6169607739367664
1936,8660,8663,0.6895083950473856
1937,8660,8664,0.6944612223782196
1938,8660,8665,0.699314780325081
1939,8660,8666,0.6385086095494752
1940,8660,8667,0.6394747650151398
1941,8660,8668,0.7077960744124075
1942,8660,8670,0.4954113835659504
1943,8660,8671,0.7053630193527248
1944,8660,8672,0.6532982687780304
1945,8660,8675,0.6530358147644737
1946,8660,8676,0.00790569415042095
1947,8660,8677,0.5802967073521883
1948,8660,8678,0.6917459939953556
1949,8660,8679,0.006574544016919633
1950,8660,8680,0.6268344342780408
1951,8660,8681,0.6799807975225678
1952,8660,8683,0.6859523527624479
1953,8660,8684,0.5520056446440159
1954,8660,8686,0.7062217795235042
1955,8660,8687,0.7068540165899362
1956,8660,8688,0.6694082854943381
1957,8660,8689,0.6856203260909086
1958,8660,8690,0.6162901688964918
1959,8660,8691,0.0
1960,8660,8692,0.626072900607721
1961,8660,8695,0.6275132164234544
1962,8660,8696,0.003928371006591931
1963,8660,8697,0.6677254709729512
1964,8660,8698,0.0
1965,8660,8699,0.6245301076750012
1966,8660,8700,0.6857884143687007
1967,8660,8701,0.45571144623369286
1968,8660,8702,0.7278305839379169
1969,8660,8703,0.6682713595618164
1970,8660,8704,0.7117883680209186
1971,8660,8705,0.42755323720973043
1972,8660,8707,0.6875148836826797
1973,8660,8708,0.6930617864916371
1974,8660,8709,0.6655985091563317
1975,8660,8710,0.7268750647328337
1976,8660,8711,0.6860961644398625
1977,8660,8712,0.6993908663860917
1978,8660,8714,0.0
1979,8660,8715,0.7293410296484379
1980,8660,8716,0.0
1981,8660,8717,0.6980370445286559
1982,8660,8718,0.6925328707084546
1983,8660,8719,0.6838203452948115
1984,8661,8663,0.6669411508671197
1985,8661,8664,0.6592291429879024
1986,8661,8665,0.6543623425615676
1987,8661,8666,0.6485515639932868
1988,8661,8667,0.6010288921256004
1989,8661,8668,0.6590060299958588
1990,8661,8670,0.5726978918594184
1991,8661,8671,0.6344655189537339
1992,8661,8672,0.6095408279112008
1993,8661,8675,0.6287264149167736
1994,8661,8676,0.01174440439029407
1995,8661,8677,0.567524797460708
1996,8661,8678,0.628154642619649
1997,8661,8679,0.024635993962500564
1998,8661,8680,0.6315428673063952
1999,8661,8681,0.6301475523731814
2000,8661,8683,0.6345315753953272
2001,8661,8684,0.5193767988530241
2002,8661,8686,0.811253900117536
2003,8661,8687,0.6543334661178316
2004,8661,8688,0.5988670606164869
2005,8661,8689,0.6431655620404919
2006,8661,8690,0.6127299748017712
2007,8661,8691,0.0
2008,8661,8692,0.597193715830403
2009,8661,8695,0.6362580377006439
2010,8661,8696,0.032206451346404666
2011,8661,8697,0.6408768149468753
2012,8661,8698,0.0
2013,8661,8699,0.6142826723018494
2014,8661,8700,0.6388742787624444
2015,8661,8701,0.46963828187581275
2016,8661,8702,0.679065331642116
2017,8661,8703,0.6105087435606196
2018,8661,8704,0.6507696639951711
2019,8661,8705,0.4531856032710672
2020,8661,8707,0.6632749063959891
2021,8661,8708,0.6156281945175597
2022,8661,8709,0.648742500196932
2023,8661,8710,0.6793191748411921
2024,8661,8711,0.6513888900039073
2025,8661,8712,0.6355108572333895
2026,8661,8714,0.0
2027,8661,8715,0.6844536701203378
2028,8661,8716,0.0
2029,8661,8717,0.6555230472386515
2030,8661,8718,0.6390596723976198
2031,8661,8719,0.6357885905801932
2032,8663,8664,0.6699914087772327
2033,8663,8665,0.6722728747770197
2034,8663,8666,0.652410916577136
2035,8663,8667,0.6720392175139013
2036,8663,8668,0.7693232994153472
2037,8663,8670,0.5429529046474776
2038,8663,8671,0.6893453833199605
2039,8663,8672,0.6677741057467115
2040,8663,8675,0.6567041115504675
2041,8663,8676,0.005976143046671968
2042,8663,8677,0.6692068250282504
2043,8663,8678,0.6585573707882968
2044,8663,8679,0.017486992589832835
2045,8663,8680,0.6606791709052224
2046,8663,8681,0.6849380625341968
2047,8663,8683,0.686208253741468
2048,8663,8684,0.5256894606320164
2049,8663,8686,0.6955922945751568
2050,8663,8687,0.7277822985234412
2051,8663,8688,0.6714923846351656
2052,8663,8689,0.7330505336276567
2053,8663,8690,0.671491851714842
2054,8663,8691,0.0
2055,8663,8692,0.612382367630276
2056,8663,8695,0.6664584373212057
2057,8663,8696,0.022918077678773654
2058,8663,8697,0.6486012154618519
2059,8663,8698,0.0
2060,8663,8699,0.6471033384489424
2061,8663,8700,0.7264106113515519
2062,8663,8701,0.4969901272133878
2063,8663,8702,0.7738992707487763
2064,8663,8703,0.712083166459893
2065,8663,8704,0.6801243801741951
2066,8663,8705,0.4588536184898142
2067,8663,8707,0.6882666741234061
2068,8663,8708,0.6638931449272656
2069,8663,8709,0.7497655583829598
2070,8663,8710,0.7784391421824646
2071,8663,8711,0.6698761923354148
2072,8663,8712,0.6617725029041781
2073,8663,8714,0.0
2074,8663,8715,0.7242338338093864
2075,8663,8716,0.0
2076,8663,8717,0.6799923978370719
2077,8663,8718,0.6897588828686887
2078,8663,8719,0.6694430290029748
2079,8664,8665,0.7812455286666804
2080,8664,8666,0.6524795729226827
2081,8664,8667,0.7010191862423689
2082,8664,8668,0.7111712436210568
2083,8664,8670,0.5585117806432659
2084,8664,8671,0.6979563553510749
2085,8664,8672,0.6647726021418932
2086,8664,8675,0.6935653531461361
2087,8664,8676,0.0074535599249993
2088,8664,8677,0.5400863238981841
2089,8664,8678,0.7172602878376741
2090,8664,8679,0.022639800304330528
2091,8664,8680,0.630977756945211
2092,8664,8681,0.6487784917334423
2093,8664,8683,0.655072175473932
2094,8664,8684,0.5541118656690103
2095,8664,8686,0.7675470151755823
2096,8664,8687,0.7244300649271561
2097,8664,8688,0.6635102332346529
2098,8664,8689,0.7065944407685268
2099,8664,8690,0.6158165977814815
2100,8664,8691,0.0
2101,8664,8692,0.6470515832666939
2102,8664,8695,0.6920823969054317
2103,8664,8696,0.022297683357237724
2104,8664,8697,0.7393404831788115
2105,8664,8698,0.0
2106,8664,8699,0.7274058404848169
2107,8664,8700,0.716668889477496
2108,8664,8701,0.459020951494697
2109,8664,8702,0.7501035287590119
2110,8664,8703,0.6523864303381772
2111,8664,8704,0.7316863527622226
2112,8664,8705,0.3893693523501961
2113,8664,8707,0.7829775515184443
2114,8664,8708,0.7056877602768002
2115,8664,8709,0.668525629323727
2116,8664,8710,0.7535889883473941
2117,8664,8711,0.6914191449756348
2118,8664,8712,0.686002396325236
2119,8664,8714,0.0
2120,8664,8715,0.77983595967545
2121,8664,8716,0.0
2122,8664,8717,0.7653331266680519
2123,8664,8718,0.7371820434526345
2124,8664,8719,0.7146664865063249
2125,8665,8666,0.6460336651359091
2126,8665,8667,0.71265260580723
2127,8665,8668,0.7121066673949916
2128,8665,8670,0.5701992639876405
2129,8665,8671,0.7030010335677015
2130,8665,8672,0.6680456138334361
2131,8665,8675,0.723715664758963
2132,8665,8676,0.009882117688026186
2133,8665,8677,0.5627169949667186
2134,8665,8678,0.7251576394774051
2135,8665,8679,0.028342841497559924
2136,8665,8680,0.660145390986626
2137,8665,8681,0.6822201327338353
2138,8665,8683,0.6883809049057662
2139,8665,8684,0.5670001351661987
2140,8665,8686,0.7650758774599167
2141,8665,8687,0.740383798731537
2142,8665,8688,0.668679256066379
2143,8665,8689,0.7126308128186174
2144,8665,8690,0.6388175840950446
2145,8665,8691,0.0
2146,8665,8692,0.6740548691962402
2147,8665,8695,0.6753364756353188
2148,8665,8696,0.029247524834733585
2149,8665,8697,0.7349714184758018
2150,8665,8698,0.0
2151,8665,8699,0.6873479443639783
2152,8665,8700,0.7223595448243978
2153,8665,8701,0.447484606126913
2154,8665,8702,0.7497390575638212
2155,8665,8703,0.6598306152286588
2156,8665,8704,0.7533068278101738
2157,8665,8705,0.4371447383190119
2158,8665,8707,0.7767497386880957
2159,8665,8708,0.6907757783629186
2160,8665,8709,0.6766409148365724
2161,8665,8710,0.7575850716832762
2162,8665,8711,0.7125779931861951
2163,8665,8712,0.6754729631688853
2164,8665,8714,0.0
2165,8665,8715,0.7847713698987069
2166,8665,8716,0.0
2167,8665,8717,0.7544029917024766
2168,8665,8718,0.7391888353112464
2169,8665,8719,0.7120186534365978
2170,8666,8667,0.6031758895799754
2171,8666,8668,0.6348305119401136
2172,8666,8670,0.5284846569247124
2173,8666,8671,0.6448359272387116
2174,8666,8672,0.6280176111643302
2175,8666,8675,0.6194738214071551
2176,8666,8676,0.010564428184106458
2177,8666,8677,0.5352392021603846
2178,8666,8678,0.654697911115296
2179,8666,8679,0.008282317169670976
2180,8666,8680,0.6173753992510761
2181,8666,8681,0.6100252899803166
2182,8666,8683,0.6154724470353065
2183,8666,8684,0.5482670241773332
2184,8666,8686,0.6695981705923253
2185,8666,8687,0.6422877992816796
2186,8666,8688,0.6051374328801435
2187,8666,8689,0.652509539213914
2188,8666,8690,0.624009164802392
2189,8666,8691,0.0
2190,8666,8692,0.6121770980162353
2191,8666,8695,0.6313771545639623
2192,8666,8696,0.007874259854358901
2193,8666,8697,0.6651967066550939
2194,8666,8698,0.0
2195,8666,8699,0.6058945034387038
2196,8666,8700,0.646970059807302
2197,8666,8701,0.47775630854620604
2198,8666,8702,0.6577040692530132
2199,8666,8703,0.6171918133721817
2200,8666,8704,0.6684362724839323
2201,8666,8705,0.42132808648124387
2202,8666,8707,0.6448649001198965
2203,8666,8708,0.6457611863871846
2204,8666,8709,0.634629659322286
2205,8666,8710,0.6599581692682581
2206,8666,8711,0.63941407615183
2207,8666,8712,0.6499103733981025
2208,8666,8714,0.0
2209,8666,8715,0.6847413171904497
2210,8666,8716,0.0
2211,8666,8717,0.6752260721744481
2212,8666,8718,0.6560062888902752
2213,8666,8719,0.6567077555359121
2214,8667,8668,0.6595624741767827
2215,8667,8670,0.46846677007601245
2216,8667,8671,0.6522025678280732
2217,8667,8672,0.6246443304455304
2218,8667,8675,0.7196866809076727
2219,8667,8676,0.006454972243679029
2220,8667,8677,0.5866758251399058
2221,8667,8678,0.6439887620910661
2222,8667,8679,0.015589016951648823
2223,8667,8680,0.6115316615175397
2224,8667,8681,0.6729124520200571
2225,8667,8683,0.679701323669307
2226,8667,8684,0.5220044994568673
2227,8667,8686,0.6788679623533631
2228,8667,8687,0.6734227063914038
2229,8667,8688,0.6446703991514441
2230,8667,8689,0.6799794469690954
2231,8667,8690,0.5914640602286819
2232,8667,8691,0.0
2233,8667,8692,0.6163146373345544
2234,8667,8695,0.6176612346021231
2235,8667,8696,0.00753778361444409
2236,8667,8697,0.677027315497333
2237,8667,8698,0.0
2238,8667,8699,0.6424006279382508
2239,8667,8700,0.6506066493427112
2240,8667,8701,0.4816698418942319
2241,8667,8702,0.6896621195194672
2242,8667,8703,0.6466755002631323
2243,8667,8704,0.703365639642474
2244,8667,8705,0.46737811940077906
2245,8667,8707,0.6795983190382164
2246,8667,8708,0.6541901857611881
2247,8667,8709,0.6411600352323645
2248,8667,8710,0.6817861370150542
2249,8667,8711,0.6798773838307149
2250,8667,8712,0.6502513860192759
2251,8667,8714,0.0
2252,8667,8715,0.6980613452565809
2253,8667,8716,0.0
2254,8667,8717,0.6717937679681818
2255,8667,8718,0.6762170111428576
2256,8667,8719,0.646772014847967
2257,8668,8670,0.5259935391934866
2258,8668,8671,0.7228456566392147
2259,8668,8672,0.6545641942413876
2260,8668,8675,0.6578343296447944
2261,8668,8676,0.0070710678118654745
2262,8668,8677,0.642671257588189
2263,8668,8678,0.6781701769930857
2264,8668,8679,0.02802500285905645
2265,8668,8680,0.6693459496444177
2266,8668,8681,0.6993947656661899
2267,8668,8683,0.6998324015575119
2268,8668,8684,0.5292985962509051
2269,8668,8686,0.7155944254046367
2270,8668,8687,0.7746044274275731
2271,8668,8688,0.7061192921907848
2272,8668,8689,0.7324233636262054
2273,8668,8690,0.6586296077261269
2274,8668,8691,0.0
2275,8668,8692,0.6330778694451651
2276,8668,8695,0.6553865290865017
2277,8668,8696,0.03725057022028886
2278,8668,8697,0.6549328956753517
2279,8668,8698,0.0
2280,8668,8699,0.6405012099991234
2281,8668,8700,0.7383234837380597
2282,8668,8701,0.4651942836304729
2283,8668,8702,0.8237219916713794
2284,8668,8703,0.7630883225003957
2285,8668,8704,0.6939993086338276
2286,8668,8705,0.45416336456799977
2287,8668,8707,0.7033502171826955
2288,8668,8708,0.6804973489472309
2289,8668,8709,0.7769317448327071
2290,8668,8710,0.8314493139215376
2291,8668,8711,0.6673108065739146
2292,8668,8712,0.6868724109425351
2293,8668,8714,0.0
2294,8668,8715,0.7317473545578705
2295,8668,8716,0.0
2296,8668,8717,0.6851638797481585
2297,8668,8718,0.7022915031038293
2298,8668,8719,0.6687238280541006
2299,8670,8671,0.5283292434863343
2300,8670,8672,0.5029354115927938
2301,8670,8675,0.5437296340365805
2302,8670,8676,0.0069877124296868435
2303,8670,8677,0.5374117376080196
2304,8670,8678,0.487504774234931
2305,8670,8679,0.041413831129464604
2306,8670,8680,0.5385278824699835
2307,8670,8681,0.5016073762992277
2308,8670,8683,0.49858375168529456
2309,8670,8684,0.4553275622455459
2310,8670,8686,0.5807395105575763
2311,8670,8687,0.5378057206168103
2312,8670,8688,0.5300946239734319
2313,8670,8689,0.5227959952053196
2314,8670,8690,0.5149023312265797
2315,8670,8691,0.0
2316,8670,8692,0.5018348461874343
2317,8670,8695,0.5675759840249079
2318,8670,8696,0.01826415753001067
2319,8670,8697,0.5732667169910766
2320,8670,8698,0.0
2321,8670,8699,0.5564486230930921
2322,8670,8700,0.5513955022078643
2323,8670,8701,0.4489068759314957
2324,8670,8702,0.5330215235524421
2325,8670,8703,0.47837585472292704
2326,8670,8704,0.5422660032579671
2327,8670,8705,0.43016094732274174
2328,8670,8707,0.5229889664234912
2329,8670,8708,0.5368582203438722
2330,8670,8709,0.5494131551863735
2331,8670,8710,0.5535845452341932
2332,8670,8711,0.5150317546938874
2333,8670,8712,0.5095266416266738
2334,8670,8714,0.0
2335,8670,8715,0.5806928725282244
2336,8670,8716,0.0
2337,8670,8717,0.5701645342118851
2338,8670,8718,0.5328441656627504
2339,8670,8719,0.5512115134955864
2340,8671,8672,0.6602201894878417
2341,8671,8675,0.6813075104943018
2342,8671,8676,0.009682458365518544
2343,8671,8677,0.5775226576168597
2344,8671,8678,0.6875287569097653
2345,8671,8679,0.04609574563102008
2346,8671,8680,0.6708121449504212
2347,8671,8681,0.7013942446232655
2348,8671,8683,0.703664308266783
2349,8671,8684,0.5537303848526407
2350,8671,8686,0.71505196248608
2351,8671,8687,0.7073406257663984
2352,8671,8688,0.670052909985787
2353,8671,8689,0.7022582976229943
2354,8671,8690,0.6495879409236056
2355,8671,8691,0.0
2356,8671,8692,0.6619539334205455
2357,8671,8695,0.6431908785772049
2358,8671,8696,0.004811252243246883
2359,8671,8697,0.6761625666180411
2360,8671,8698,0.0023703937817825932
2361,8671,8699,0.6263037980761557
2362,8671,8700,0.712449556266622
2363,8671,8701,0.5069589272733238
2364,8671,8702,0.7427816849505783
2365,8671,8703,0.6916639017392161
2366,8671,8704,0.7232525694188586
2367,8671,8705,0.45806358652097057
2368,8671,8707,0.6788644681823114
2369,8671,8708,0.6928918265477515
2370,8671,8709,0.6556010672380441
2371,8671,8710,0.7170592151422546
2372,8671,8711,0.686386925479928
2373,8671,8712,0.6942970410837135
2374,8671,8714,0.0
2375,8671,8715,0.7283651152210427
2376,8671,8716,0.0023703937817825932
2377,8671,8717,0.7002637717250775
2378,8671,8718,0.6932211046947037
2379,8671,8719,0.6868033094888736
2380,8672,8675,0.6493531924254037
2381,8672,8676,0.005976143046671968
2382,8672,8677,0.4944968399441976
2383,8672,8678,0.6651351918593535
2384,8672,8679,0.004123930494211613
2385,8672,8680,0.5835087201701492
2386,8672,8681,0.6439175638580465
2387,8672,8683,0.642147651003379
2388,8672,8684,0.5359168709291012
2389,8672,8686,0.6790509688777373
2390,8672,8687,0.6523942763581887
2391,8672,8688,0.623641023613176
2392,8672,8689,0.6545145667446388
2393,8672,8690,0.6207098768660391
2394,8672,8691,0.0
2395,8672,8692,0.6233562722883923
2396,8672,8695,0.6300452120374599
2397,8672,8696,0.006681531047810611
2398,8672,8697,0.6484121462498589
2399,8672,8698,0.0
2400,8672,8699,0.5936104110550167
2401,8672,8700,0.6678634806268678
2402,8672,8701,0.46792452140123086
2403,8672,8702,0.6815422986808782
2404,8672,8703,0.6278478187748129
2405,8672,8704,0.67092858385129
2406,8672,8705,0.4585934534650844
2407,8672,8707,0.6475217997905698
2408,8672,8708,0.6567872179162089
2409,8672,8709,0.6239011852353189
2410,8672,8710,0.6627141556846314
2411,8672,8711,0.661403797671579
2412,8672,8712,0.6523411564841952
2413,8672,8714,0.0
2414,8672,8715,0.6819066368825011
2415,8672,8716,0.0
2416,8672,8717,0.6793615765915301
2417,8672,8718,0.6827459707310031
2418,8672,8719,0.6537320879268327
2419,8675,8676,0.006846531968814577
2420,8675,8677,0.5261202641392355
2421,8675,8678,0.6420576422051065
2422,8675,8679,0.015521495424378397
2423,8675,8680,0.6383858243785179
2424,8675,8681,0.7693322930172692
2425,8675,8683,0.7656363615154735
2426,8675,8684,0.5439278011790634
2427,8675,8686,0.7123475571891862
2428,8675,8687,0.6609811104132641
2429,8675,8688,0.6429358122134867
2430,8675,8689,0.6766714980500685
2431,8675,8690,0.6009968727330567
2432,8675,8691,0.0
2433,8675,8692,0.6240387508244226
2434,8675,8695,0.6221969711389583
2435,8675,8696,0.0
2436,8675,8697,0.7011807773007153
2437,8675,8698,0.0
2438,8675,8699,0.5856866612362037
2439,8675,8700,0.6583418848324332
2440,8675,8701,0.552651981197207
2441,8675,8702,0.6863070222400512
2442,8675,8703,0.63473197579395
2443,8675,8704,0.7628782618118521
2444,8675,8705,0.5364362887693472
2445,8675,8707,0.6614542316927653
2446,8675,8708,0.670262382641438
2447,8675,8709,0.5924756645124375
2448,8675,8710,0.6390092369003957
2449,8675,8711,0.7047754397757605
2450,8675,8712,0.6852651751038088
2451,8675,8714,0.0
2452,8675,8715,0.7271054150219065
2453,8675,8716,0.0
2454,8675,8717,0.6760422342157767
2455,8675,8718,0.6821545779867989
2456,8675,8719,0.6723278316424719
2457,8676,8677,0.003952847075210475
2458,8676,8678,0.0021128856368212916
2459,8676,8679,0.005175491695067657
2460,8676,8680,0.013801311186847085
2461,8676,8681,0.009682458365518544
2462,8676,8683,0.009682458365518544
2463,8676,8684,0.010606601717798212
2464,8676,8686,0.011009637651263608
2465,8676,8687,0.006454972243679029
2466,8676,8688,0.004999999999999999
2467,8676,8689,0.0019764235376052374
2468,8676,8690,0.004743416490252569
2469,8676,8691,0.0
2470,8676,8692,0.012695834376925202
2471,8676,8695,0.003952847075210475
2472,8676,8696,0.005590169943749475
2473,8676,8697,0.00816496580927726
2474,8676,8698,0.0
2475,8676,8699,0.0070710678118654745
2476,8676,8700,0.005270462766947299
2477,8676,8701,0.002988071523335984
2478,8676,8702,0.009128709291752768
2479,8676,8703,0.0035355339059327372
2480,8676,8704,0.006846531968814577
2481,8676,8705,0.0
2482,8676,8707,0.006993786061802353
2483,8676,8708,0.0
2484,8676,8709,0.00790569415042095
2485,8676,8710,0.009128709291752768
2486,8676,8711,0.008385254915624212
2487,8676,8712,0.007254762501100117
2488,8676,8714,0.0
2489,8676,8715,0.011410886614690962
2490,8676,8716,0.0
2491,8676,8717,0.007499999999999999
2492,8676,8718,0.003834824944236852
2493,8676,8719,0.004225771273642583
2494,8677,8678,0.5526591653385566
2495,8677,8679,0.019030312285113593
2496,8677,8680,0.6538656866985786
2497,8677,8681,0.5394210234892498
2498,8677,8683,0.5783231445193615
2499,8677,8684,0.4800208457915287
2500,8677,8686,0.558765704337951
2501,8677,8687,0.6119302835875322
2502,8677,8688,0.5903600152084983
2503,8677,8689,0.5680536772644907
2504,8677,8690,0.5638368924641555
2505,8677,8691,0.0
2506,8677,8692,0.5643501949354042
2507,8677,8695,0.57910721349517
2508,8677,8696,0.01802184548383213
2509,8677,8697,0.5185226944015833
2510,8677,8698,0.0
2511,8677,8699,0.5834247343183114
2512,8677,8700,0.5825148063919059
2513,8677,8701,0.4604568482382795
2514,8677,8702,0.6548476489108868
2515,8677,8703,0.5669563538453135
2516,8677,8704,0.5967394785447075
2517,8677,8705,0.4987618076444016
2518,8677,8707,0.5565693353198351
2519,8677,8708,0.5349263454504141
2520,8677,8709,0.6665462631893437
2521,8677,8710,0.6455582859895778
2522,8677,8711,0.5710301255592185
2523,8677,8712,0.5355953112538627
2524,8677,8714,0.0
2525,8677,8715,0.5966535575979418
2526,8677,8716,0.0
2527,8677,8717,0.5589014922122024
2528,8677,8718,0.5831397640728095
2529,8677,8719,0.553558611413689
2530,8678,8679,0.007290148043997555
2531,8678,8680,0.6264988919327146
2532,8678,8681,0.6446363745842866
2533,8678,8683,0.641186868707732
2534,8678,8684,0.5723948926867262
2535,8678,8686,0.7154187516801461
2536,8678,8687,0.6788353902526771
2537,8678,8688,0.6426587130894259
2538,8678,8689,0.681825183085661
2539,8678,8690,0.6562325582273809
2540,8678,8691,0.0
2541,8678,8692,0.660546138585907
2542,8678,8695,0.670775784053742
2543,8678,8696,0.0015748519708717803
2544,8678,8697,0.7067556501019305
2545,8678,8698,0.0
2546,8678,8699,0.6573655384054055
2547,8678,8700,0.6855714381655744
2548,8678,8701,0.453955679949313
2549,8678,8702,0.7000479345033115
2550,8678,8703,0.6422912382621453
2551,8678,8704,0.7137665422377206
2552,8678,8705,0.42240840603465624
2553,8678,8707,0.7061142173591659
2554,8678,8708,0.6931837747670646
2555,8678,8709,0.6432837605703011
2556,8678,8710,0.711497932299924
2557,8678,8711,0.6736724453099843
2558,8678,8712,0.6739030040807017
2559,8678,8714,0.0
2560,8678,8715,0.7257225746361252
2561,8678,8716,0.0
2562,8678,8717,0.7321551647072579
2563,8678,8718,0.7355161234684833
2564,8678,8719,0.69821157135536
2565,8679,8680,0.044520455903426376
2566,8679,8681,0.016614377405060502
2567,8679,8683,0.0176308974706771
2568,8679,8684,0.00771938695585588
2569,8679,8686,0.025529331593244557
2570,8679,8687,0.02672612419124244
2571,8679,8688,0.008625819491779428
2572,8679,8689,0.012886982903713215
2573,8679,8690,0.03853302430361637
2574,8679,8691,0.0
2575,8679,8692,0.018620313212590858
2576,8679,8695,0.023612273235963883
2577,8679,8696,0.018661496885647104
2578,8679,8697,0.015632471198030493
2579,8679,8698,0.0
2580,8679,8699,0.015230483754877979
2581,8679,8700,0.025861128488295606
2582,8679,8701,0.021501715235364607
2583,8679,8702,0.02519763153394848
2584,8679,8703,0.01576198076354842
2585,8679,8704,0.010302403984714317
2586,8679,8705,0.019702358046807155
2587,8679,8707,0.026173445369670936
2588,8679,8708,0.0
2589,8679,8709,0.027424168601600844
2590,8679,8710,0.029444910377800906
2591,8679,8711,0.009059457554747246
2592,8679,8712,0.00876095805063078
2593,8679,8714,0.0
2594,8679,8715,0.01259881576697424
2595,8679,8716,0.0
2596,8679,8717,0.014129689748186298
2597,8679,8718,0.008594831269535565
2598,8679,8719,0.005832118435198044
2599,8680,8681,0.6257946961282065
2600,8680,8683,0.6401185905038586
2601,8680,8684,0.5485306942212405
2602,8680,8686,0.6610769652840913
2603,8680,8687,0.6452734075987567
2604,8680,8688,0.5885756022918911
2605,8680,8689,0.6383364519439507
2606,8680,8690,0.6032188455639308
2607,8680,8691,0.0
2608,8680,8692,0.6340862132295673
2609,8680,8695,0.6193278229577481
2610,8680,8696,0.028498413323582085
2611,8680,8697,0.609147676868241
2612,8680,8698,0.0
2613,8680,8699,0.6106665484844358
2614,8680,8700,0.6259867454035561
2615,8680,8701,0.49208440154369504
2616,8680,8702,0.6920753440987126
2617,8680,8703,0.6332992940184057
2618,8680,8704,0.6777010326504365
2619,8680,8705,0.4886123363540615
2620,8680,8707,0.6326508223309915
2621,8680,8708,0.6203608815095796
2622,8680,8709,0.6479919963426584
2623,8680,8710,0.6711864895177402
2624,8680,8711,0.6448725793248585
2625,8680,8712,0.645979605926845
2626,8680,8714,0.0
2627,8680,8715,0.6801438768975092
2628,8680,8716,0.0
2629,8680,8717,0.6269395159444744
2630,8680,8718,0.6308596565844249
2631,8680,8719,0.6209741476167283
2632,8681,8683,0.9966113119526707
2633,8681,8684,0.5301764427633175
2634,8681,8686,0.6924413952546062
2635,8681,8687,0.6897596942401277
2636,8681,8688,0.687904420425032
2637,8681,8689,0.6677344755278025
2638,8681,8690,0.6032852289605135
2639,8681,8691,0.0
2640,8681,8692,0.6092284562993429
2641,8681,8695,0.5879105487421201
2642,8681,8696,0.004811252243246883
2643,8681,8697,0.6357926352916434
2644,8681,8698,0.0
2645,8681,8699,0.6065966890633818
2646,8681,8700,0.6771912469085998
2647,8681,8701,0.560516824024403
2648,8681,8702,0.7140041848235164
2649,8681,8703,0.6758707025453665
2650,8681,8704,0.7220572102949361
2651,8681,8705,0.5305328610333261
2652,8681,8707,0.643285279044407
2653,8681,8708,0.6631482718416025
2654,8681,8709,0.6561131451377085
2655,8681,8710,0.7022573832038562
2656,8681,8711,0.7038473507889096
2657,8681,8712,0.6706443934954739
2658,8681,8714,0.0
2659,8681,8715,0.7135878014630634
2660,8681,8716,0.0
2661,8681,8717,0.6528612320573031
2662,8681,8718,0.653438505248698
2663,8681,8719,0.6462439993824276
2664,8683,8684,0.5352890216140348
2665,8683,8686,0.686943070188637
2666,8683,8687,0.6821582963042987
2667,8683,8688,0.6886357651168789
2668,8683,8689,0.6723798339975975
2669,8683,8690,0.6002002596392872
2670,8683,8691,0.0
2671,8683,8692,0.6131712332560237
2672,8683,8695,0.5964906510674294
2673,8683,8696,0.004811252243246883
2674,8683,8697,0.6312179210354172
2675,8683,8698,0.0
2676,8683,8699,0.608806509379905
2677,8683,8700,0.6746632020137184
2678,8683,8701,0.5588120136299347
2679,8683,8702,0.7173812440857424
2680,8683,8703,0.6769334649375885
2681,8683,8704,0.7149442825493357
2682,8683,8705,0.5174764222199445
2683,8683,8707,0.6434820840376326
2684,8683,8708,0.6641341741926057
2685,8683,8709,0.655686958003489
2686,8683,8710,0.7007276694267834
2687,8683,8711,0.7066066226279224
2688,8683,8712,0.667000334131849
2689,8683,8714,0.0
2690,8683,8715,0.7184629967943081
2691,8683,8716,0.0
2692,8683,8717,0.6537315210538225
2693,8683,8718,0.649026025727684
2694,8683,8719,0.6405732623013292
2695,8684,8686,0.5533118619457141
2696,8684,8687,0.5470966885096469
2697,8684,8688,0.5175889856247099
2698,8684,8689,0.5593412875387003
2699,8684,8690,0.5167578452268637
2700,8684,8691,0.0
2701,8684,8692,0.5485619179707436
2702,8684,8695,0.5292655717972174
2703,8684,8696,0.0
2704,8684,8697,0.5694399836303758
2705,8684,8698,0.0
2706,8684,8699,0.5139350409493044
2707,8684,8700,0.5461055352602296
2708,8684,8701,0.4735483648208201
2709,8684,8702,0.5541993312379978
2710,8684,8703,0.5238232026744725
2711,8684,8704,0.5989350950243015
2712,8684,8705,0.45619063223528833
2713,8684,8707,0.5392256872364332
2714,8684,8708,0.5597040512347142
2715,8684,8709,0.5167428297907416
2716,8684,8710,0.5504413333009485
2717,8684,8711,0.570410068678555
2718,8684,8712,0.571010625560079
2719,8684,8714,0.0
2720,8684,8715,0.5630787018765298
2721,8684,8716,0.0
2722,8684,8717,0.559704778109571
2723,8684,8718,0.5597564641148539
2724,8684,8719,0.5641374840477106
2725,8686,8687,0.7265648873776291
2726,8686,8688,0.664275254736068
2727,8686,8689,0.7085010577692643
2728,8686,8690,0.6383661622066569
2729,8686,8691,0.0
2730,8686,8692,0.6667235003018949
2731,8686,8695,0.7003829546349927
2732,8686,8696,0.03179570425238517
2733,8686,8697,0.7347520027172436
2734,8686,8698,0.0
2735,8686,8699,0.6601849678857011
2736,8686,8700,0.7262995943624704
2737,8686,8701,0.4789101093773427
2738,8686,8702,0.7576551528197869
2739,8686,8703,0.654750786070422
2740,8686,8704,0.7371688256027111
2741,8686,8705,0.4236606915432702
2742,8686,8707,0.7581664219512204
2743,8686,8708,0.7064400754008049
2744,8686,8709,0.6820689616030818
2745,8686,8710,0.7637998237737024
2746,8686,8711,0.7251616006954336
2747,8686,8712,0.6988654473175677
2748,8686,8714,0.0
2749,8686,8715,0.7787658288891537
2750,8686,8716,0.0
2751,8686,8717,0.7537221678753245
2752,8686,8718,0.7295638733808573
2753,8686,8719,0.7169455713893889
2754,8687,8688,0.7077878397218654
2755,8687,8689,0.7122626957619659
2756,8687,8690,0.6307177411224785
2757,8687,8691,0.0
2758,8687,8692,0.6364018685672006
2759,8687,8695,0.6532171565719842
2760,8687,8696,0.03491246383522019
2761,8687,8697,0.6731229496339608
2762,8687,8698,0.0
2763,8687,8699,0.6598363232724763
2764,8687,8700,0.7371158461107912
2765,8687,8701,0.48044088521295025
2766,8687,8702,0.783886420824089
2767,8687,8703,0.7068692036740747
2768,8687,8704,0.7032770276720866
2769,8687,8705,0.4736482472022485
2770,8687,8707,0.7230608968452394
2771,8687,8708,0.6869418096042772
2772,8687,8709,0.7195494875925941
2773,8687,8710,0.7924270694714595
2774,8687,8711,0.6820512813610161
2775,8687,8712,0.6872288575590157
2776,8687,8714,0.0
2777,8687,8715,0.7268416642045363
2778,8687,8716,0.0
2779,8687,8717,0.706455323892172
2780,8687,8718,0.7043586379915519
2781,8687,8719,0.6979266262927479
2782,8688,8689,0.662031751311073
2783,8688,8690,0.585675337607576
2784,8688,8691,0.0
2785,8688,8692,0.5935857509061697
2786,8688,8695,0.6153770909076242
2787,8688,8696,0.005590169943749475
2788,8688,8697,0.6441129165687556
2789,8688,8698,0.0
2790,8688,8699,0.6165474491992662
2791,8688,8700,0.6724422596139686
2792,8688,8701,0.47407611020907015
2793,8688,8702,0.7131949495615126
2794,8688,8703,0.6565487309931006
2795,8688,8704,0.6636611194978626
2796,8688,8705,0.4627675589252469
2797,8688,8707,0.6643646569839385
2798,8688,8708,0.6437321819695809
2799,8688,8709,0.6728921395498715
2800,8688,8710,0.7202509348047035
2801,8688,8711,0.6499679688589287
2802,8688,8712,0.6375290513142245
2803,8688,8714,0.0
2804,8688,8715,0.6833516483596063
2805,8688,8716,0.0
2806,8688,8717,0.6680947697644971
2807,8688,8718,0.6723557514682346
2808,8688,8719,0.6539119737671146
2809,8689,8690,0.6389459749303059
2810,8689,8691,0.0
2811,8689,8692,0.6464316473624301
2812,8689,8695,0.6423375559243686
2813,8689,8696,0.01277981454913811
2814,8689,8697,0.6923273899484805
2815,8689,8698,0.0
2816,8689,8699,0.6439460563821573
2817,8689,8700,0.7155953168689975
2818,8689,8701,0.4817035297575747
2819,8689,8702,0.7547611384551154
2820,8689,8703,0.7774370136621576
2821,8689,8704,0.7176885049861799
2822,8689,8705,0.44995917253039897
2823,8689,8707,0.6918827888667656
2824,8689,8708,0.6988117572863242
2825,8689,8709,0.6922870420326679
2826,8689,8710,0.7403094049413788
2827,8689,8711,0.6841146652036282
2828,8689,8712,0.686252511108834
2829,8689,8714,0.0
2830,8689,8715,0.7191865796522398
2831,8689,8716,0.0
2832,8689,8717,0.7043546086576429
2833,8689,8718,0.7082693236211135
2834,8689,8719,0.6841083055563308
2835,8690,8691,0.0
2836,8690,8692,0.5978187227414496
2837,8690,8695,0.6153830587745216
2838,8690,8696,0.021666550596503794
2839,8690,8697,0.6154577102243602
2840,8690,8698,0.0
2841,8690,8699,0.5789505541097795
2842,8690,8700,0.6720288473703739
2843,8690,8701,0.4940890263799771
2844,8690,8702,0.6631803099713107
2845,8690,8703,0.6274098540186002
2846,8690,8704,0.6309623280447132
2847,8690,8705,0.39993977283113596
2848,8690,8707,0.5971409829592937
2849,8690,8708,0.6254372014453257
2850,8690,8709,0.6333994065404025
2851,8690,8710,0.670215970448375
2852,8690,8711,0.6096918420216655
2853,8690,8712,0.6182925207439722
2854,8690,8714,0.0
2855,8690,8715,0.6502889342974618
2856,8690,8716,0.0
2857,8690,8717,0.6426244433682399
2858,8690,8718,0.6577427299982392
2859,8690,8719,0.6092896519623628
2860,8691,8692,0.0
2861,8691,8695,0.0
2862,8691,8696,0.0
2863,8691,8697,0.0
2864,8691,8698,0.0
2865,8691,8699,0.0
2866,8691,8700,0.0
2867,8691,8701,0.0
2868,8691,8702,0.0
2869,8691,8703,0.0
2870,8691,8704,0.0
2871,8691,8705,0.0
2872,8691,8707,0.0
2873,8691,8708,0.0
2874,8691,8709,0.0
2875,8691,8710,0.0
2876,8691,8711,0.0
2877,8691,8712,0.0
2878,8691,8714,0.0
2879,8691,8715,0.0
2880,8691,8716,0.0
2881,8691,8717,0.0
2882,8691,8718,0.0
2883,8691,8719,0.0
2884,8692,8695,0.5993892858615711
2885,8692,8696,0.02274927960711922
2886,8692,8697,0.6558855923148545
2887,8692,8698,0.0
2888,8692,8699,0.5933640260113313
2889,8692,8700,0.6724196819103607
2890,8692,8701,0.4994058094569163
2891,8692,8702,0.652463306686693
2892,8692,8703,0.6057683364161414
2893,8692,8704,0.6578214022772543
2894,8692,8705,0.47743007102671425
2895,8692,8707,0.5990785527601893
2896,8692,8708,0.637267216096407
2897,8692,8709,0.5861183428472063
2898,8692,8710,0.6233565975670887
2899,8692,8711,0.6382656965515499
2900,8692,8712,0.6418520837863054
2901,8692,8714,0.0
2902,8692,8715,0.6583742110796262
2903,8692,8716,0.0
2904,8692,8717,0.6401019681338411
2905,8692,8718,0.6543857986239769
2906,8692,8719,0.6389288819538992
2907,8695,8696,0.01548990840505031
2908,8695,8697,0.660645409035054
2909,8695,8698,0.0
2910,8695,8699,0.6544990283288089
2911,8695,8700,0.6514113107855715
2912,8695,8701,0.49134228942616665
2913,8695,8702,0.6715896321492563
2914,8695,8703,0.608305876244291
2915,8695,8704,0.6507383476839983
2916,8695,8705,0.45381379409817096
2917,8695,8707,0.6955206522387904
2918,8695,8708,0.6393651870390835
2919,8695,8709,0.6384968518865987
2920,8695,8710,0.6819232144673827
2921,8695,8711,0.6292251213482564
2922,8695,8712,0.6294034179139972
2923,8695,8714,0.0
2924,8695,8715,0.6975380439958193
2925,8695,8716,0.0
2926,8695,8717,0.6850912859686455
2927,8695,8718,0.6865676468415758
2928,8695,8719,0.6572120081709094
2929,8696,8697,0.004564354645876385
2930,8696,8698,0.0
2931,8696,8699,0.025405755333236302
2932,8696,8700,0.03153368621330643
2933,8696,8701,0.0
2934,8696,8702,0.032915786567752396
2935,8696,8703,0.01862528511014443
2936,8696,8704,0.0017010345435994293
2937,8696,8705,0.0
2938,8696,8707,0.02566740580597232
2939,8696,8708,0.0
2940,8696,8709,0.03200420490324257
2941,8696,8710,0.03878424562773928
2942,8696,8711,0.01063037656780618
2943,8696,8712,0.001351845176089688
2944,8696,8714,0.0
2945,8696,8715,0.008228946641938099
2946,8696,8716,0.0
2947,8696,8717,0.005590169943749475
2948,8696,8718,0.0014291548761875739
2949,8696,8719,0.0031497039417435605
2950,8697,8698,0.0007312699800470573
2951,8697,8699,0.6509375515157116
2952,8697,8700,0.6805951721939683
2953,8697,8701,0.4591714848554473
2954,8697,8702,0.696703874040387
2955,8697,8703,0.625340744864988
2956,8697,8704,0.7410031624011186
2957,8697,8705,0.41671725181573344
2958,8697,8707,0.7221378726890174
2959,8697,8708,0.7245717134437433
2960,8697,8709,0.6209383052687358
2961,8697,8710,0.6939600513970086
2962,8697,8711,0.6668008292170273
2963,8697,8712,0.6916207624593536
2964,8697,8714,0.0
2965,8697,8715,0.729109714832715
2966,8697,8716,0.0007312699800470573
2967,8697,8717,0.7404130324213654
2968,8697,8718,0.7314245022875052
2969,8697,8719,0.7047592253320918
2970,8698,8699,0.0
2971,8698,8700,0.0
2972,8698,8701,0.0
2973,8698,8702,0.0
2974,8698,8703,0.0
2975,8698,8704,0.0
2976,8698,8705,0.03353468100238875
2977,8698,8707,0.0
2978,8698,8708,0.0
2979,8698,8709,0.0
2980,8698,8710,0.0
2981,8698,8711,0.0
2982,8698,8712,0.0
2983,8698,8714,0.0
2984,8698,8715,0.012177687463615847
2985,8698,8716,0.23333333333333334
2986,8698,8717,0.0
2987,8698,8718,0.0
2988,8698,8719,0.0
2989,8699,8700,0.6460516266436358
2990,8699,8701,0.4576244357455547
2991,8699,8702,0.6904575773879598
2992,8699,8703,0.6018330954091389
2993,8699,8704,0.6426735679015674
2994,8699,8705,0.44618047815325723
2995,8699,8707,0.7048930781504714
2996,8699,8708,0.6151917754548674
2997,8699,8709,0.6595592975167113
2998,8699,8710,0.701187203885604
2999,8699,8711,0.6157053706222839
3000,8699,8712,0.6045788823947862
3001,8699,8714,0.0
3002,8699,8715,0.7033469723770741
3003,8699,8716,0.0
3004,8699,8717,0.6719563423170555
3005,8699,8718,0.6506254979075333
3006,8699,8719,0.6438514343888603
3007,8700,8701,0.49588326057519405
3008,8700,8702,0.7660071869391758
3009,8700,8703,0.6912664342615698
3010,8700,8704,0.7024318154422879
3011,8700,8705,0.4468013922164453
3012,8700,8707,0.6836411708363985
3013,8700,8708,0.6990538261601029
3014,8700,8709,0.7095643870045701
3015,8700,8710,0.7635990280130069
3016,8700,8711,0.679448994348506
3017,8700,8712,0.6884187736994194
3018,8700,8714,0.0
3019,8700,8715,0.7293756183865283
3020,8700,8716,0.0
3021,8700,8717,0.7091231576487461
3022,8700,8718,0.6938416214940437
3023,8700,8719,0.6762322258916973
3024,8701,8702,0.4675151636902532
3025,8701,8703,0.4768179528770281
3026,8701,8704,0.5094105495221387
3027,8701,8705,0.48428208379160426
3028,8701,8707,0.4248947580024474
3029,8701,8708,0.4738659610566301
3030,8701,8709,0.48364976740439003
3031,8701,8710,0.4622916049671949
3032,8701,8711,0.5142727328926104
3033,8701,8712,0.4995557814674455
3034,8701,8714,0.0
3035,8701,8715,0.47145397813952805
3036,8701,8716,0.0
3037,8701,8717,0.4623974678209652
3038,8701,8718,0.47548009472925634
3039,8701,8719,0.4651070530850113
3040,8702,8703,0.7532264631453218
3041,8702,8704,0.7307214023730175
3042,8702,8705,0.4294664898636188
3043,8702,8707,0.7321756212578325
3044,8702,8708,0.7080486373023007
3045,8702,8709,0.7491603896476435
3046,8702,8710,0.8374010242416264
3047,8702,8711,0.6870470177780346
3048,8702,8712,0.7044215806013753
3049,8702,8714,0.0
3050,8702,8715,0.7663477230769431
3051,8702,8716,0.0
3052,8702,8717,0.7250988579488458
3053,8702,8718,0.728840169079763
3054,8702,8719,0.7116812610521515
3055,8703,8704,0.6720356383978382
3056,8703,8705,0.45637901365241085
3057,8703,8707,0.6349431438262294
3058,8703,8708,0.6637182120195292
3059,8703,8709,0.7050619226236126
3060,8703,8710,0.7365571442961538
3061,8703,8711,0.6505880741925657
3062,8703,8712,0.6532571312744998
3063,8703,8714,0.0
3064,8703,8715,0.6739133968992752
3065,8703,8716,0.0
3066,8703,8717,0.6445585733936124
3067,8703,8718,0.6672466223103279
3068,8703,8719,0.6376002733124193
3069,8704,8705,0.4562224186715835
3070,8704,8707,0.7007144807175257
3071,8704,8708,0.7295183349082958
3072,8704,8709,0.6455353435710902
3073,8704,8710,0.7131590774082346
3074,8704,8711,0.7308903295931994
3075,8704,8712,0.7229111479277597
3076,8704,8714,0.0
3077,8704,8715,0.7673707931790674
3078,8704,8716,0.0
3079,8704,8717,0.7236911369015354
3080,8704,8718,0.7348420445803361
3081,8704,8719,0.7241532941013118
3082,8705,8707,0.44136025274948526
3083,8705,8708,0.4561349933318395
3084,8705,8709,0.4531268071373509
3085,8705,8710,0.4234717789921571
3086,8705,8711,0.4687750966281011
3087,8705,8712,0.4665486475148216
3088,8705,8714,0.0
3089,8705,8715,0.44099961876616867
3090,8705,8716,0.03353468100238875
3091,8705,8717,0.4215611295173803
3092,8705,8718,0.41401012041704277
3093,8705,8719,0.47072706914102536
3094,8707,8708,0.6753291418648566
3095,8707,8709,0.6784224284750962
3096,8707,8710,0.757313714184654
3097,8707,8711,0.6732859225540019
3098,8707,8712,0.6590125539014791
3099,8707,8714,0.0
3100,8707,8715,0.7717341187217788
3101,8707,8716,0.0
3102,8707,8717,0.7581892444739976
3103,8707,8718,0.7272171317565181
3104,8707,8719,0.7074790013573828
3105,8708,8709,0.6153527713353404
3106,8708,8710,0.6947637135587521
3107,8708,8711,0.6831812001722686
3108,8708,8712,0.7017846099972798
3109,8708,8714,0.0
3110,8708,8715,0.7177669135907871
3111,8708,8716,0.0
3112,8708,8717,0.6951120478386801
3113,8708,8718,0.7133093116396405
3114,8708,8719,0.6923107358208891
3115,8709,8710,0.8041570781863595
3116,8709,8711,0.6261555375720388
3117,8709,8712,0.6117429571089443
3118,8709,8714,0.0
3119,8709,8715,0.7011145528130822
3120,8709,8716,0.0
3121,8709,8717,0.6628491140292638
3122,8709,8718,0.6624521629958524
3123,8709,8719,0.6438611606572131
3124,8710,8711,0.6854708520716858
3125,8710,8712,0.6730595483747192
3126,8710,8714,0.0
3127,8710,8715,0.7698385161332568
3128,8710,8716,0.0
3129,8710,8717,0.7303975716210909
3130,8710,8718,0.7271276620711644
3131,8710,8719,0.7047281835075814
3132,8711,8712,0.6942660774287956
3133,8711,8714,0.0
3134,8711,8715,0.7335490255023929
3135,8711,8716,0.0
3136,8711,8717,0.6953517517791445
3137,8711,8718,0.7068185741921783
3138,8711,8719,0.6715689511200016
3139,8712,8714,0.0
3140,8712,8715,0.7069684851241328
3141,8712,8716,0.0
3142,8712,8717,0.6891579706660835
3143,8712,8718,0.6922254651040958
3144,8712,8719,0.688726201874191
3145,8714,8715,0.0
3146,8714,8716,0.0
3147,8714,8717,0.0
3148,8714,8718,0.0
3149,8714,8719,0.0
3150,8715,8716,0.012177687463615847
3151,8715,8717,0.7542086927751239
3152,8715,8718,0.7406333287478791
3153,8715,8719,0.7244188153417667
3154,8716,8717,0.0
3155,8716,8718,0.0
3156,8716,8719,0.0
3157,8717,8718,0.7532359647326212
3158,8717,8719,0.7156908456566782
3159,8718,8719,0.7094399526089878
